INSERT INTO CONTRATO (ID_CONTRATO, DESCRICAO, DATA, VALOR, TIPO) VALUES (1, 'Aquisição e Instalação Mobiliário de Escritório para a NMS|FCM', '22/11/2023', '19.974,42', 'Aquisição de bens móveis');
INSERT INTO CONTRATO (ID_CONTRATO, DESCRICAO, DATA, VALOR, TIPO) VALUES (2, 'Aquisição de serviços de produção de conteúdos de multimédia para difusão de conhecimento em políticas públicas e projetos do PlanAPP ', '22/11/2023', '60.000,00', 'Aquisição de serviços');
INSERT INTO CONTRATO (ID_CONTRATO, DESCRICAO, DATA, VALOR, TIPO) VALUES (3, 'Aquisição de Sistema de Videovigilância para a Portaria da Citânia de Sanfins', '22/11/2023', '7.716,70', 'Aquisição de bens móveis');
INSERT INTO CONTRATO (ID_CONTRATO, DESCRICAO, DATA, VALOR, TIPO) VALUES (4, 'Aquisição de Armários Frigorífico de Conservação para Diversas Escolas do Concelho', '22/11/2023', '8.120,00', 'Aquisição de bens móveis');
INSERT INTO CONTRATO (ID_CONTRATO, DESCRICAO, DATA, VALOR, TIPO) VALUES (5, 'Aquisição de Serviços de Reparação e Manutenção de Equipamentos existentes nas Cantinas das diversas Escolas do Concelho, pelo período de 36 meses', '22/11/2023', '10.967,66', 'Aquisição de serviços');
INSERT INTO CONTRATO (ID_CONTRATO, DESCRICAO, DATA, VALOR, TIPO) VALUES (6, 'Elaboração de projeto para execução de novo QGBT, quadros e rede elétrica dos edifícios da Assembleia da República localizados na Avenida Dom Carlos I, em Lisboa.', '22/11/2023', '23.025,00', 'Aquisição de serviços');
INSERT INTO CONTRATO (ID_CONTRATO, DESCRICAO, DATA, VALOR, TIPO) VALUES (7, 'Serviço integrado de telecomunicações, necessários ao funcionamento da EPA - Escola Profissional de Alte, CIPRL.', '22/11/2023', '3.822,48', 'Aquisição de serviços');
INSERT INTO CONTRATO (ID_CONTRATO, DESCRICAO, DATA, VALOR, TIPO) VALUES (8, 'Aquisição de serviços para o reconhecimento geológico e geotécnico da parcela de terreno da antiga fábrica da "Alvorada", caracterização estrutural e definição geométrica do seu conjunto edificado', '22/11/2023', '62.000,00', 'Aquisição de serviços');
INSERT INTO CONTRATO (ID_CONTRATO, DESCRICAO, DATA, VALOR, TIPO) VALUES (9, 'Empreitada de "Demolição de edificações construídas sem licenciamento, sitas no Lugar da Sardoeira - Freguesia de Parada de Cunhos"', '22/11/2023', '132.000,00', 'Empreitadas de obras públicas');
INSERT INTO CONTRATO (ID_CONTRATO, DESCRICAO, DATA, VALOR, TIPO) VALUES (10, 'PRESTAÇÃO DE SERVIÇOS PARA CONSTRUÇÃO DA CENOGRAFIA DO ESPETÁCULO “UM SONHO”', '22/11/2023', '16.815,00', 'Aquisição de serviços');
INSERT INTO CONTRATO (ID_CONTRATO, DESCRICAO, DATA, VALOR, TIPO) VALUES (11, ' “Aquisição de serviços para produção e apresentação de espetáculo de teatro”', '22/11/2023', '10.000,00', 'Aquisição de serviços');
INSERT INTO CONTRATO (ID_CONTRATO, DESCRICAO, DATA, VALOR, TIPO) VALUES (12, 'Fornecimento contínuo de material elétrico', '22/11/2023', '14.685,10', 'Aquisição de bens móveis');
INSERT INTO CONTRATO (ID_CONTRATO, DESCRICAO, DATA, VALOR, TIPO) VALUES (13, 'Aquisição de Novas Funcionalidades para o Catálogo Agregador das Bibliotecas Municipais da RIBBA', '22/11/2023', '10.000,00', 'Aquisição de serviços');
INSERT INTO CONTRATO (ID_CONTRATO, DESCRICAO, DATA, VALOR, TIPO) VALUES (14, 'Fornecimento e instalação de seis unidades de ar condicionado', '22/11/2023', '5.798,00', 'Aquisição de bens móveis');
INSERT INTO CONTRATO (ID_CONTRATO, DESCRICAO, DATA, VALOR, TIPO) VALUES (15, 'Aquisição de Serviços para a Elaboração do Plano Municipal de Emergência de Proteção Civil ', '22/11/2023', '9.754,56', 'Aquisição de serviços');
INSERT INTO CONTRATO (ID_CONTRATO, DESCRICAO, DATA, VALOR, TIPO) VALUES (16, 'PRC_0278/2023_GAE-EB1009 - Acordo Quadro Singular Para a Execução de Empreitadas de Ligações de Redes de Abastecimento de Água e Drenagem de Águas Residuais - Lote B - Municípios de Celorico de Basto e Fafe', '22/11/2023', '0,00', 'Empreitadas de obras públicas');
INSERT INTO CONTRATO (ID_CONTRATO, DESCRICAO, DATA, VALOR, TIPO) VALUES (17, 'AQUISIÇÃO DE EQUIPAMENTO DE SOM (3 LOTES)', '22/11/2023', '15.150,00', 'Aquisição de bens móveis');
INSERT INTO CONTRATO (ID_CONTRATO, DESCRICAO, DATA, VALOR, TIPO) VALUES (18, 'ELABORAÇÃO DOS PROJETOS DE EXECUÇÃO DE - REQUALIFICAÇÃO DA RUA DA BASE AÉREA - E DE RECONVERSÃO DO LARGO PADRE MARGALHAU - FREGUESIA DE AMOR', '22/11/2023', '65.800,00', 'Aquisição de serviços');
INSERT INTO CONTRATO (ID_CONTRATO, DESCRICAO, DATA, VALOR, TIPO) VALUES (19, '3023011453-AMN-Fornecimento de computadores portáteis UCIC', '22/11/2023', '0,00', 'Aquisição de bens móveis');
INSERT INTO CONTRATO (ID_CONTRATO, DESCRICAO, DATA, VALOR, TIPO) VALUES (20, 'PRC_0278/2023_GAE-EB1009 - Acordo Quadro Singular Para a Execução de Empreitadas de Ligações de Redes de Abastecimento de Água e Drenagem de Águas Residuais -  Lote A - Municípios de Amarante e Baião', '22/11/2023', '0,00', 'Empreitadas de obras públicas');
INSERT INTO CONTRATO (ID_CONTRATO, DESCRICAO, DATA, VALOR, TIPO) VALUES (21, 'AQS 193/GEBALIS/2023 - PATRIMONIO DISPERSO - R CRUZ VERMELHA, N. 12 - Serviço de Manutenção Preventiva das Instalações de AQS', '22/11/2023', '8.560,00', 'Aquisição de serviços');
INSERT INTO CONTRATO (ID_CONTRATO, DESCRICAO, DATA, VALOR, TIPO) VALUES (22, 'AQUISIÇÃO DE SERVIÇOS NO ÂMBITO DA PASSAGEM DE ANO 2023|2024 – FESTA M80', '22/11/2023', '28.000,00', 'Aquisição de serviços');
INSERT INTO CONTRATO (ID_CONTRATO, DESCRICAO, DATA, VALOR, TIPO) VALUES (23, '1BAD20230100 - PROTESE PARA CRANIOPLASTIA', '22/11/2023', '10.400,00', 'Aquisição de bens móveis');
INSERT INTO CONTRATO (ID_CONTRATO, DESCRICAO, DATA, VALOR, TIPO) VALUES (24, 'Aquisição de mobiliário de escritório para diversos gabinetes da Autarquia', '22/11/2023', '7.660,26', 'Aquisição de bens móveis');
INSERT INTO CONTRATO (ID_CONTRATO, DESCRICAO, DATA, VALOR, TIPO) VALUES (25, 'Aquisição de Carnes Frescas para os Refeitórios Escolares do Agrupamento de Escolas Rio Arade', '22/11/2023', '25.339,50', 'Aquisição de bens móveis');
INSERT INTO CONTRATO (ID_CONTRATO, DESCRICAO, DATA, VALOR, TIPO) VALUES (26, '1BCP20230192 - MATERIAL TERAPEUTICA DA DOR', '22/11/2023', '675,60', 'Aquisição de bens móveis');
INSERT INTO CONTRATO (ID_CONTRATO, DESCRICAO, DATA, VALOR, TIPO) VALUES (27, 'AQUISIÇÃO DE SERVIÇOS PARA REPARAÇÃO DE VEÍCULOS MUNICIPAIS', '22/11/2023', '3.979,30', 'Aquisição de serviços');
INSERT INTO CONTRATO (ID_CONTRATO, DESCRICAO, DATA, VALOR, TIPO) VALUES (28, 'Empreitada de Obras de Fornecimento e Instalação de Sistema de Climatização do Posto de Turismo da Covilhã', '22/11/2023', '13.105,00', 'Empreitadas de obras públicas');
INSERT INTO CONTRATO (ID_CONTRATO, DESCRICAO, DATA, VALOR, TIPO) VALUES (29, 'Fornecimento de serviços de limpeza para as instalações do Instituto Hidrográfico, Trinas e BHA, de 1 a 30 de novembro de 2023', '22/11/2023', '15.663,92', 'Aquisição de serviços');
INSERT INTO CONTRATO (ID_CONTRATO, DESCRICAO, DATA, VALOR, TIPO) VALUES (30, 'SUBSTITUIÇÃO DE ALMOFADA DE APOIO E DE VELCROS DA PEDALEIRA ', '22/11/2023', '262,16', 'Aquisição de serviços');
INSERT INTO CONTRATO (ID_CONTRATO, DESCRICAO, DATA, VALOR, TIPO) VALUES (31, 'Aquisição, fornecimento e montagem de equipamento especializado para o Lote 32 da NONAGON', '22/11/2023', '68.130,00', 'Aquisição de bens móveis');
INSERT INTO CONTRATO (ID_CONTRATO, DESCRICAO, DATA, VALOR, TIPO) VALUES (32, 'AQUISIÇÃO DE REAGENTES DIVERSOS', '22/11/2023', '4.100,00', 'Aquisição de bens móveis');
INSERT INTO CONTRATO (ID_CONTRATO, DESCRICAO, DATA, VALOR, TIPO) VALUES (33, 'Traduções técnicas', '22/11/2023', '12.810,00', 'Aquisição de serviços');
INSERT INTO CONTRATO (ID_CONTRATO, DESCRICAO, DATA, VALOR, TIPO) VALUES (34, 'DM CLINICO - CATETER UMBILICALPOLIURETANO DUPLO', '22/11/2023', '140,00', 'Aquisição de bens móveis');
INSERT INTO CONTRATO (ID_CONTRATO, DESCRICAO, DATA, VALOR, TIPO) VALUES (35, 'REPARAÇÃO DA MÁQUINA DE LAVAR FERROS ', '22/11/2023', '443,64', 'Aquisição de serviços');
INSERT INTO CONTRATO (ID_CONTRATO, DESCRICAO, DATA, VALOR, TIPO) VALUES (36, '23L00265 - Aquisição de desumidificadores para o Museu da Ciência da Universidade de Coimbra', '22/11/2023', '6.380,00', 'Aquisição de bens móveis');
INSERT INTO CONTRATO (ID_CONTRATO, DESCRICAO, DATA, VALOR, TIPO) VALUES (37, 'Prestação do Serviço de Transportes Escolares em Minicircuito Privativo de Aluguer nº XXII, no ano letivo 2023/2024.', '22/11/2023', '11.475,00', 'Aquisição de serviços');
INSERT INTO CONTRATO (ID_CONTRATO, DESCRICAO, DATA, VALOR, TIPO) VALUES (38, 'AQUISIÇÃO DE MATERIAL PARA A PLACA VIBRATÓRIA', '22/11/2023', '1.367,00', 'Aquisição de bens móveis');
INSERT INTO CONTRATO (ID_CONTRATO, DESCRICAO, DATA, VALOR, TIPO) VALUES (39, 'CONCURSO PUBLICO 23A00018 - Aquisição de consumíveis de impressão originais', '22/11/2023', '103.790,00', 'Aquisição de bens móveis');
INSERT INTO CONTRATO (ID_CONTRATO, DESCRICAO, DATA, VALOR, TIPO) VALUES (40, 'REPARAÇÃO DA ÓTICA ', '22/11/2023', '530,00', 'Aquisição de serviços');
INSERT INTO CONTRATO (ID_CONTRATO, DESCRICAO, DATA, VALOR, TIPO) VALUES (41, 'Prestação de Serviços em Regime de Avença – Técnico de Desporto - Operação Integrada Local da Freguesia do Milharado.', '22/11/2023', '40.500,00', 'Aquisição de serviços');
INSERT INTO CONTRATO (ID_CONTRATO, DESCRICAO, DATA, VALOR, TIPO) VALUES (42, 'SUBSTITUIÇÃO DE ALMOFADA DE APOIO E DE VELCROS DA PEDALEIRA ', '22/11/2023', '262,16', 'Aquisição de serviços');
INSERT INTO CONTRATO (ID_CONTRATO, DESCRICAO, DATA, VALOR, TIPO) VALUES (43, '4023031339 - Regimento de Engenharia N.º3 - aquisição do serviço de reparação dos Atrelados 4333-M e 3416-M e da Viatura Ligeira de Mercadorias MX-59-40', '22/11/2023', '6.581,04', 'Aquisição de serviços');
INSERT INTO CONTRATO (ID_CONTRATO, DESCRICAO, DATA, VALOR, TIPO) VALUES (44, 'CP 116/2023/DICP - T - 26/2023 - ELABORAÇÃO DO PROJETO DE EXECUÇÃO DE DUAS PONTES PEDO-CICLÁVEIS SOBRE OS RIOS LIS E LENA', '22/11/2023', '64.400,00', 'Aquisição de serviços');
INSERT INTO CONTRATO (ID_CONTRATO, DESCRICAO, DATA, VALOR, TIPO) VALUES (45, '1BCP20230192 - MATERIAL TERAPEUTICA DA DOR', '22/11/2023', '1.400,00', 'Aquisição de bens móveis');
INSERT INTO CONTRATO (ID_CONTRATO, DESCRICAO, DATA, VALOR, TIPO) VALUES (46, 'BEAD20230340 - PERAC - Luvas para uso medico - SPMS', '22/11/2023', '16.609,20', 'Aquisição de bens móveis');
INSERT INTO CONTRATO (ID_CONTRATO, DESCRICAO, DATA, VALOR, TIPO) VALUES (47, 'BEAD20230340 - PERAC - Luvas para uso medico - SPMS', '22/11/2023', '460,00', 'Aquisição de bens móveis');
INSERT INTO CONTRATO (ID_CONTRATO, DESCRICAO, DATA, VALOR, TIPO) VALUES (48, 'AQUISIÇÃO EQUIPAMENTOS ATIVOS DE REDE DE DADOS - SWITCHS/CENTROS DE DADOS - CORTE E SEDE DA ARSLVT, IP.', '22/11/2023', '74.593,76', 'Aquisição de bens móveis');
INSERT INTO CONTRATO (ID_CONTRATO, DESCRICAO, DATA, VALOR, TIPO) VALUES (49, 'BEAD20230340 - PERAC - Luvas para uso medico - SPMS', '22/11/2023', '11.925,00', 'Aquisição de bens móveis');
INSERT INTO CONTRATO (ID_CONTRATO, DESCRICAO, DATA, VALOR, TIPO) VALUES (50, 'Aquisição de suportes para sacos de lixo', '22/11/2023', '2.590,00', 'Aquisição de bens móveis');
INSERT INTO CONTRATO (ID_CONTRATO, DESCRICAO, DATA, VALOR, TIPO) VALUES (51, 'Aquisição de Mitraclip ', '22/11/2023', '20.000,00', 'Aquisição de bens móveis');
INSERT INTO CONTRATO (ID_CONTRATO, DESCRICAO, DATA, VALOR, TIPO) VALUES (52, 'Serviços de manutenção de motociclos BMW, para os anos 2023 a 2025,', '22/11/2023', '60.000,00', 'Aquisição de serviços');
INSERT INTO CONTRATO (ID_CONTRATO, DESCRICAO, DATA, VALOR, TIPO) VALUES (53, 'Aquisição de 3 gravadores de Holter para o Serviço de Cardiologia I - MCDT''s - Laboratório de Electrocardiografia Ambulatória de Holter', '22/11/2023', '4.800,00', 'Aquisição de bens móveis');
INSERT INTO CONTRATO (ID_CONTRATO, DESCRICAO, DATA, VALOR, TIPO) VALUES (54, 'BROLUCIZUMAB', '22/11/2023', '10.647,60', 'Aquisição de bens móveis');
INSERT INTO CONTRATO (ID_CONTRATO, DESCRICAO, DATA, VALOR, TIPO) VALUES (55, 'HEPARINA ', '22/11/2023', '28.953,40', 'Aquisição de bens móveis');
INSERT INTO CONTRATO (ID_CONTRATO, DESCRICAO, DATA, VALOR, TIPO) VALUES (56, 'Aquisição de 2 laringoscópios para o Serviço de Hematologia e Transplantação de Medula - Internamento – Geral', '22/11/2023', '1.232,00', 'Aquisição de bens móveis');
INSERT INTO CONTRATO (ID_CONTRATO, DESCRICAO, DATA, VALOR, TIPO) VALUES (57, 'Aquisição de materiais para manutenção de equipamento de monitorização Nihon Kohden', '22/11/2023', '782,50', 'Aquisição de bens móveis');
INSERT INTO CONTRATO (ID_CONTRATO, DESCRICAO, DATA, VALOR, TIPO) VALUES (58, 'Aquisição de 8 suportes de rolo de papel para catre', '22/11/2023', '1.480,00', 'Aquisição de bens móveis');
INSERT INTO CONTRATO (ID_CONTRATO, DESCRICAO, DATA, VALOR, TIPO) VALUES (59, 'IPCB-2023CPR29 – Serviços de limpeza no espaço exterior da ESA', '22/11/2023', '2.500,00', 'Aquisição de serviços');
INSERT INTO CONTRATO (ID_CONTRATO, DESCRICAO, DATA, VALOR, TIPO) VALUES (60, 'DM CLINICO - BATA IRRECUPERAVEL ESTERILIZADA', '22/11/2023', '585,00', 'Aquisição de bens móveis');
INSERT INTO CONTRATO (ID_CONTRATO, DESCRICAO, DATA, VALOR, TIPO) VALUES (61, 'PRC_0258/2023_GAE-O0760 - Acordo Quadro Singular para Execução de Empreitadas de Construção / Reparação de Infraestruturas das Águas do Norte, SA - Lote B - Tâmega, Sousa e Ave - Optativo 11', '22/11/2023', '5.201,63', 'Empreitadas de obras públicas');
INSERT INTO CONTRATO (ID_CONTRATO, DESCRICAO, DATA, VALOR, TIPO) VALUES (62, 'PRC_0258/2023_GAE-O0760 - Acordo Quadro Singular para Execução de Empreitadas de Construção / Reparação de Infraestruturas das Águas do Norte, SA - Lote B - Tâmega, Sousa e Ave - Optativo 10', '22/11/2023', '2.710,21', 'Empreitadas de obras públicas');
INSERT INTO CONTRATO (ID_CONTRATO, DESCRICAO, DATA, VALOR, TIPO) VALUES (63, 'Reparação da Motoniveladora CAT120G, com fornecimento de Peças', '22/11/2023', '7.033,86', 'Aquisição de bens móveis<br/>Aquisição de serviços');
INSERT INTO CONTRATO (ID_CONTRATO, DESCRICAO, DATA, VALOR, TIPO) VALUES (64, 'Aquisição de serviços de Manutenção e serviços de suporte para a solução edoclink GDCC', '22/11/2023', '73.654,08', 'Aquisição de bens móveis');
INSERT INTO CONTRATO (ID_CONTRATO, DESCRICAO, DATA, VALOR, TIPO) VALUES (65, 'Grande reparação do sistema de climatização do Bloco C de Vairão', '22/11/2023', '17.926,37', 'Aquisição de serviços');
INSERT INTO CONTRATO (ID_CONTRATO, DESCRICAO, DATA, VALOR, TIPO) VALUES (66, 'Aquisição de Memórias', '22/11/2023', '5.630,40', 'Aquisição de bens móveis');
INSERT INTO CONTRATO (ID_CONTRATO, DESCRICAO, DATA, VALOR, TIPO) VALUES (67, 'Aquisição de fatos impermeáveis para cheias e inundações.', '22/11/2023', '41.670,00', 'Aquisição de bens móveis');
INSERT INTO CONTRATO (ID_CONTRATO, DESCRICAO, DATA, VALOR, TIPO) VALUES (68, 'ESPETÁCULO MUSICAL POR OCASIÃO DA XLII FESTA DA AMENDOEIRA EM FLOR - 2024, COM "QUATRO E MEIA"', '22/11/2023', '38.000,00', 'Aquisição de serviços');
INSERT INTO CONTRATO (ID_CONTRATO, DESCRICAO, DATA, VALOR, TIPO) VALUES (69, 'Aluguer Operacional de 11 Veículos Ligeiros de Mercadorias', '22/11/2023', '58.423,56', 'Aquisição de serviços');
INSERT INTO CONTRATO (ID_CONTRATO, DESCRICAO, DATA, VALOR, TIPO) VALUES (70, '231000596 - Material de penso de efeito terapêutico - CPA 2022/10', '22/11/2023', '4.680,00', 'Aquisição de bens móveis');
INSERT INTO CONTRATO (ID_CONTRATO, DESCRICAO, DATA, VALOR, TIPO) VALUES (71, 'Fornecimento contínuo de bens alimentares para preparação de refeições escolares em refeitório', '22/11/2023', '19.075,00', 'Aquisição de bens móveis');
INSERT INTO CONTRATO (ID_CONTRATO, DESCRICAO, DATA, VALOR, TIPO) VALUES (72, 'Empreitada para substituição de estrutura de suporte de cabo telefónico junto Serviço de Imuno-hemoterapia.', '22/11/2023', '1.642,15', 'Empreitadas de obras públicas');
INSERT INTO CONTRATO (ID_CONTRATO, DESCRICAO, DATA, VALOR, TIPO) VALUES (73, 'DM CLINICO - ELETRODO NEONATAL ESPUMA PARA MONITORIZAÇÃO', '22/11/2023', '2.141,37', 'Aquisição de bens móveis');
INSERT INTO CONTRATO (ID_CONTRATO, DESCRICAO, DATA, VALOR, TIPO) VALUES (74, '3023014037 - 3007CN65-AQUISIÇÃO E INSTALAÇÃO PARABRISAS EM POLICARBONATO', '22/11/2023', '6.500,00', 'Aquisição de bens móveis');
INSERT INTO CONTRATO (ID_CONTRATO, DESCRICAO, DATA, VALOR, TIPO) VALUES (75, ' Reparação de OCT(subs de componentes informaticos) do BOC do HEM, CHLO, EPE', '22/11/2023', '4.500,00', 'Aquisição de serviços');
INSERT INTO CONTRATO (ID_CONTRATO, DESCRICAO, DATA, VALOR, TIPO) VALUES (76, 'PRC_0110/2023_GAE-EB0722 - Empreitada geral de substituições / renovações de infraestruturas do Sistema de Águas da Região do Noroeste - Lote C - Municípios de Amarante e Baião - 4º Optativo', '22/11/2023', '29.149,93', 'Empreitadas de obras públicas');
INSERT INTO CONTRATO (ID_CONTRATO, DESCRICAO, DATA, VALOR, TIPO) VALUES (77, 'IPCB-2023AD014 – Aluguer de 2 viaturas', '22/11/2023', '15.240,00', 'Aquisição de serviços');
INSERT INTO CONTRATO (ID_CONTRATO, DESCRICAO, DATA, VALOR, TIPO) VALUES (78, 'Substituição de Lâmpada Xenon da Fonte de Luz fria das Endoscopias do HEM, CHLO, EPE', '22/11/2023', '1.117,82', 'Aquisição de serviços');
INSERT INTO CONTRATO (ID_CONTRATO, DESCRICAO, DATA, VALOR, TIPO) VALUES (79, 'Aquisição da Estrutura de Varandim na ETAR da Gemieira', '22/11/2023', '10.208,42', 'Aquisição de bens móveis');
INSERT INTO CONTRATO (ID_CONTRATO, DESCRICAO, DATA, VALOR, TIPO) VALUES (80, 'Aquisição de Postal de Natal do ISCSP-ULisboa', '22/11/2023', '5.943,00', 'Aquisição de bens móveis');
INSERT INTO CONTRATO (ID_CONTRATO, DESCRICAO, DATA, VALOR, TIPO) VALUES (81, 'Aquisição de artigos de merchandinsing de autor', '22/11/2023', '150.000,00', 'Aquisição de bens móveis');
INSERT INTO CONTRATO (ID_CONTRATO, DESCRICAO, DATA, VALOR, TIPO) VALUES (82, 'Realização do espetáculo teatral “Ruy, a História Devida”', '22/11/2023', '8.400,00', 'Aquisição de serviços');
INSERT INTO CONTRATO (ID_CONTRATO, DESCRICAO, DATA, VALOR, TIPO) VALUES (83, 'ICP20230015 - PRC - MATERIAL PARA CIRUGIA LAPAROSCOPICA - RENOVAVEL', '22/11/2023', '29.232,00', 'Aquisição de bens móveis');
INSERT INTO CONTRATO (ID_CONTRATO, DESCRICAO, DATA, VALOR, TIPO) VALUES (84, 'Aquisição de serviços para elaboração do PAPERSU - Plano de Ação para a Estratégia de Gestão de Resíduos do Município de Arouca', '22/11/2023', '10.500,00', 'Aquisição de serviços');
INSERT INTO CONTRATO (ID_CONTRATO, DESCRICAO, DATA, VALOR, TIPO) VALUES (85, 'Espetáculo de Coro Gospel Shout!', '22/11/2023', '6.180,00', 'Aquisição de serviços');
INSERT INTO CONTRATO (ID_CONTRATO, DESCRICAO, DATA, VALOR, TIPO) VALUES (86, 'aquisição de acessórios de fotografia', '22/11/2023', '881,80', 'Aquisição de bens móveis');
INSERT INTO CONTRATO (ID_CONTRATO, DESCRICAO, DATA, VALOR, TIPO) VALUES (87, 'Aquisição de brinquedos para os filhos dos trabalhadores do Município, da Assembleia Municipal, Juntas de Freguesia, PSP, Bombeiros e CCD, no âmbito da celebração do Natal 2023.', '22/11/2023', '20.605,80', 'Aquisição de bens móveis');
INSERT INTO CONTRATO (ID_CONTRATO, DESCRICAO, DATA, VALOR, TIPO) VALUES (88, 'Aquisição de serviços de aluguer de Stands para o Mercadinho de Natal, a realizar em Abrantes', '22/11/2023', '7.350,00', 'Aquisição de serviços');
INSERT INTO CONTRATO (ID_CONTRATO, DESCRICAO, DATA, VALOR, TIPO) VALUES (89, 'Contratação Luísa Sobral - Natal em Pombal - Processo n.º 081_AJD_SA_23', '22/11/2023', '9.785,00', 'Aquisição de serviços');
INSERT INTO CONTRATO (ID_CONTRATO, DESCRICAO, DATA, VALOR, TIPO) VALUES (90, 'Aquisição de diverso material didático para as escolas', '22/11/2023', '3.992,57', 'Aquisição de bens móveis');
INSERT INTO CONTRATO (ID_CONTRATO, DESCRICAO, DATA, VALOR, TIPO) VALUES (91, '231G001800 - FLUOROURACILO 5 G/ 100 ML INJ', '22/11/2023', '436,00', 'Aquisição de bens móveis');
INSERT INTO CONTRATO (ID_CONTRATO, DESCRICAO, DATA, VALOR, TIPO) VALUES (92, 'Prestação de serviços de reparação de viatura', '22/11/2023', '9.872,00', 'Aquisição de serviços');
INSERT INTO CONTRATO (ID_CONTRATO, DESCRICAO, DATA, VALOR, TIPO) VALUES (93, 'Reparação de Portas Automáticas da Hematologia e da UCI 4 do HSFX ', '22/11/2023', '220,29', 'Aquisição de serviços');
INSERT INTO CONTRATO (ID_CONTRATO, DESCRICAO, DATA, VALOR, TIPO) VALUES (94, '3023012792/Fornecimento Sobressalentes Aprontamento Classe Bartolomeu Dias', '22/11/2023', '34.093,20', 'Aquisição de bens móveis');
INSERT INTO CONTRATO (ID_CONTRATO, DESCRICAO, DATA, VALOR, TIPO) VALUES (95, '3023012198/Fornecimento de Sobressalentes para N.R.P. Corte Real e Álvares Cabral', '22/11/2023', '47.504,38', 'Aquisição de bens móveis');
INSERT INTO CONTRATO (ID_CONTRATO, DESCRICAO, DATA, VALOR, TIPO) VALUES (96, 'DM CLINICO - FRALDA DESCARTAVEL PARA CRIANÇA', '22/11/2023', '139,32', 'Aquisição de bens móveis');
INSERT INTO CONTRATO (ID_CONTRATO, DESCRICAO, DATA, VALOR, TIPO) VALUES (97, 'CPR/110/23/DCP - Aquisição de serviços para a elaboração de projeto de execução de arquitetura paisagista e de projetos de execução de especialidades para o parque das sete fontes', '22/11/2023', '74.520,00', 'Aquisição de serviços');
INSERT INTO CONTRATO (ID_CONTRATO, DESCRICAO, DATA, VALOR, TIPO) VALUES (98, 'Ajuste direto para a prestação de serviços de realização de filme da exposição fotográfica de Alfredo Cunha no âmbito das comemorações dos 50 anos do 25 de abril', '22/11/2023', '6.000,00', 'Aquisição de serviços');
INSERT INTO CONTRATO (ID_CONTRATO, DESCRICAO, DATA, VALOR, TIPO) VALUES (99, 'Fornecimento contínuo de produtos de panificação, para o refeitório e aulas da Escola Profissional Vasconcellos Lebre (EPVL), propriedade da Escola Profissional da Mealhada, Unipessoal, Lda.', '22/11/2023', '8.628,00', 'Aquisição de bens móveis');
INSERT INTO CONTRATO (ID_CONTRATO, DESCRICAO, DATA, VALOR, TIPO) VALUES (100, '231000636 -  AGUA DESTILADA SOL ESTÉRIL FRS 1 L C/ ROSCA - CPA 2023/306', '22/11/2023', '13.679,10', 'Aquisição de bens móveis');
INSERT INTO CONTRATO (ID_CONTRATO, DESCRICAO, DATA, VALOR, TIPO) VALUES (101, 'Fornecimento e instalação de equipamento de climatização – Centro Cultural e Municipal de Vila das Aves', '22/11/2023', '52.340,00', 'Aquisição de bens móveis');
INSERT INTO CONTRATO (ID_CONTRATO, DESCRICAO, DATA, VALOR, TIPO) VALUES (102, 'NCP20230031 - AQUISIÇÃO DE CONSUMIVEIS PARA PROCEDIMENTOS DE NEURORRADIOLOGIA', '22/11/2023', '1.440,00', 'Aquisição de bens móveis');
INSERT INTO CONTRATO (ID_CONTRATO, DESCRICAO, DATA, VALOR, TIPO) VALUES (103, '3023012794-AMN-Serviço de manutenção de embarcações e motores fora de bordo', '22/11/2023', '51.717,18', 'Aquisição de serviços');
INSERT INTO CONTRATO (ID_CONTRATO, DESCRICAO, DATA, VALOR, TIPO) VALUES (104, 'PC.107.2023.0001427 - Aquisição de 140 computadores portáteis e 140 monitores', '22/11/2023', '117.600,00', 'Aquisição de bens móveis');
INSERT INTO CONTRATO (ID_CONTRATO, DESCRICAO, DATA, VALOR, TIPO) VALUES (105, 'AVELUMAB', '22/11/2023', '25.273,92', 'Aquisição de bens móveis');
INSERT INTO CONTRATO (ID_CONTRATO, DESCRICAO, DATA, VALOR, TIPO) VALUES (106, 'AQUISIÇÃO DE ROLOS DE LINÓLEO', '22/11/2023', '9.404,50', 'Aquisição de bens móveis');
INSERT INTO CONTRATO (ID_CONTRATO, DESCRICAO, DATA, VALOR, TIPO) VALUES (107, '234/23 - Manutenção Corretiva de Parques Escolares Infantis - EB n.º 4 e 7', '22/11/2023', '8.258,00', 'Aquisição de serviços');
INSERT INTO CONTRATO (ID_CONTRATO, DESCRICAO, DATA, VALOR, TIPO) VALUES (108, 'reparação de criostato instalado no CHUSJ,EPE', '22/11/2023', '5.952,91', 'Aquisição de serviços');
INSERT INTO CONTRATO (ID_CONTRATO, DESCRICAO, DATA, VALOR, TIPO) VALUES (109, 'Fornecimento contínuo de produtos de panificação, para o refeitório da Escola Técnico Profissional de Cantanhede (ETPC), propriedade da E.T.P.M.M. - Escola Técnica e Profissional Marquês de Marialva, S.A.', '22/11/2023', '8.844,00', 'Aquisição de bens móveis');
INSERT INTO CONTRATO (ID_CONTRATO, DESCRICAO, DATA, VALOR, TIPO) VALUES (110, 'Aquisição do Serviço de Colocação das Iluminações de Natal 2023', '22/11/2023', '30.000,00', 'Aquisição de serviços');
INSERT INTO CONTRATO (ID_CONTRATO, DESCRICAO, DATA, VALOR, TIPO) VALUES (111, '232G005267 – Aquisição de Consumíveis de ortopedia', '22/11/2023', '8.266,42', 'Aquisição de bens móveis');
INSERT INTO CONTRATO (ID_CONTRATO, DESCRICAO, DATA, VALOR, TIPO) VALUES (112, 'Pavimentação em Diversas Ruas nas Freguesias do Concelho – Rua Campo da Bola – Calvaria de Cima ', '22/11/2023', '23.885,00', 'Empreitadas de obras públicas');
INSERT INTO CONTRATO (ID_CONTRATO, DESCRICAO, DATA, VALOR, TIPO) VALUES (113, 'Reabilitação da Galeria de Algares e Poço Vipasca ', '22/11/2023', '15.280,00', 'Empreitadas de obras públicas');
INSERT INTO CONTRATO (ID_CONTRATO, DESCRICAO, DATA, VALOR, TIPO) VALUES (114, 'IMUNOMODULADORES - PANITUMUMAB - 2º SEMESTRE', '22/11/2023', '138.051,10', 'Aquisição de bens móveis');
INSERT INTO CONTRATO (ID_CONTRATO, DESCRICAO, DATA, VALOR, TIPO) VALUES (115, 'Aquisição de serviços para desenvolvimento de plataforma para monitorização do plano de mobilidade escolar do Município de Guimarães ', '22/11/2023', '19.990,00', 'Aquisição de serviços');
INSERT INTO CONTRATO (ID_CONTRATO, DESCRICAO, DATA, VALOR, TIPO) VALUES (116, 'DM CLINICO -LENTE INTRAOCULAR', '22/11/2023', '3.900,00', 'Aquisição de bens móveis');
INSERT INTO CONTRATO (ID_CONTRATO, DESCRICAO, DATA, VALOR, TIPO) VALUES (117, 'REPARAÇÃO DA MÁQUINA DE SECAR ROUPA', '22/11/2023', '45,00', 'Aquisição de serviços');
INSERT INTO CONTRATO (ID_CONTRATO, DESCRICAO, DATA, VALOR, TIPO) VALUES (118, 'OT 2023091069 - MANUTENÇÃO PREVENTIVA DA MACERADORA DE RESÍDUOS ', '22/11/2023', '234,00', 'Aquisição de serviços');
INSERT INTO CONTRATO (ID_CONTRATO, DESCRICAO, DATA, VALOR, TIPO) VALUES (119, 'Espetáculo "Rui Massena_Ensemble Tour''23"', '22/11/2023', '29.500,00', 'Aquisição de serviços');
INSERT INTO CONTRATO (ID_CONTRATO, DESCRICAO, DATA, VALOR, TIPO) VALUES (120, 'Aquisição de equipamento báscula para a ETAR de Alcanena', '22/11/2023', '16.500,00', 'Aquisição de bens móveis');
INSERT INTO CONTRATO (ID_CONTRATO, DESCRICAO, DATA, VALOR, TIPO) VALUES (121, '231G001737/115 - AQUISIÇÃO DE  SOL DIAL PERIT GLUC 1,5% C/ BICARBONATO KIT 6L', '22/11/2023', '16.524,00', 'Aquisição de bens móveis');

INSERT INTO PRODUTO (CPV, NOME) VALUES ('15000000-8', 'Produtos alimentares, bebidas, tabaco e produtos afins');
INSERT INTO PRODUTO (CPV, NOME) VALUES ('15100000-9', 'Produtos de origem animal, carne e produtos à base de carne');
INSERT INTO PRODUTO (CPV, NOME) VALUES ('15811000-6', 'Produtos de panificação');
INSERT INTO PRODUTO (CPV, NOME) VALUES ('18221000-4', 'Vestuário impermeável');
INSERT INTO PRODUTO (CPV, NOME) VALUES ('18420000-9', 'Acessórios de vestuário');
INSERT INTO PRODUTO (CPV, NOME) VALUES ('22000000-0', 'Material impresso e afins');
INSERT INTO PRODUTO (CPV, NOME) VALUES ('30125100-2', 'Cartuchos de tinta (toner)');
INSERT INTO PRODUTO (CPV, NOME) VALUES ('30200000-1', 'Equipamento e material informático');
INSERT INTO PRODUTO (CPV, NOME) VALUES ('30213100-6', 'Computadores portáteis');
INSERT INTO PRODUTO (CPV, NOME) VALUES ('30233100-2', 'Unidades de memória');
INSERT INTO PRODUTO (CPV, NOME) VALUES ('31625000-3', 'Alarmes contra roubo e incêndios');
INSERT INTO PRODUTO (CPV, NOME) VALUES ('31682000-0', 'Material para electricidade');
INSERT INTO PRODUTO (CPV, NOME) VALUES ('32344200-8', 'Receptores de rádio');
INSERT INTO PRODUTO (CPV, NOME) VALUES ('32523000-5', 'Instalações para telecomunicações');
INSERT INTO PRODUTO (CPV, NOME) VALUES ('33000000-0', 'Equipamento médico, medicamentos e produtos para cuidados pessoais');
INSERT INTO PRODUTO (CPV, NOME) VALUES ('33100000-1', 'Equipamento médico');
INSERT INTO PRODUTO (CPV, NOME) VALUES ('33123200-0', 'Aparelhos para electrocardiografia');
INSERT INTO PRODUTO (CPV, NOME) VALUES ('33140000-3', 'Material médico de consumo');
INSERT INTO PRODUTO (CPV, NOME) VALUES ('33141200-2', 'Cateteres');
INSERT INTO PRODUTO (CPV, NOME) VALUES ('33184000-3', 'Próteses');
INSERT INTO PRODUTO (CPV, NOME) VALUES ('33190000-8', 'Dispositivos e produtos médicos variados');
INSERT INTO PRODUTO (CPV, NOME) VALUES ('33195000-3', 'Sistema de monitorização dos doentes');
INSERT INTO PRODUTO (CPV, NOME) VALUES ('33600000-6', 'Produtos farmacêuticos');
INSERT INTO PRODUTO (CPV, NOME) VALUES ('33690000-3', 'Medicamentos vários');
INSERT INTO PRODUTO (CPV, NOME) VALUES ('35113300-2', 'Instalações de segurança');
INSERT INTO PRODUTO (CPV, NOME) VALUES ('35520000-5', 'Peças para navios de guerra');
INSERT INTO PRODUTO (CPV, NOME) VALUES ('37520000-9', 'Brinquedos');
INSERT INTO PRODUTO (CPV, NOME) VALUES ('38650000-6', 'Equipamento para fotografia');
INSERT INTO PRODUTO (CPV, NOME) VALUES ('39100000-3', 'Mobiliário');
INSERT INTO PRODUTO (CPV, NOME) VALUES ('39130000-2', 'Mobiliário de escritório');
INSERT INTO PRODUTO (CPV, NOME) VALUES ('39162110-9', 'Material pedagógico');
INSERT INTO PRODUTO (CPV, NOME) VALUES ('39290000-1', 'Acessórios diversos');
INSERT INTO PRODUTO (CPV, NOME) VALUES ('39300000-5', 'Equipamento diverso');
INSERT INTO PRODUTO (CPV, NOME) VALUES ('39717200-3', 'Aparelhos de ar condicionado');
INSERT INTO PRODUTO (CPV, NOME) VALUES ('42113161-0', 'Desumidificadores');
INSERT INTO PRODUTO (CPV, NOME) VALUES ('42510000-4', 'Permutadores de calor, equipamento de ar condicionado e de refrigeração, aparelhos de filtragem');
INSERT INTO PRODUTO (CPV, NOME) VALUES ('42513200-7', 'Equipamento de refrigeração');
INSERT INTO PRODUTO (CPV, NOME) VALUES ('42923200-4', 'Básculas');
INSERT INTO PRODUTO (CPV, NOME) VALUES ('44112230-9', 'Linóleo');
INSERT INTO PRODUTO (CPV, NOME) VALUES ('44212313-6', 'Suportes');
INSERT INTO PRODUTO (CPV, NOME) VALUES ('45110000-1', 'Demolição e destruição de edifícios e movimento de terras');
INSERT INTO PRODUTO (CPV, NOME) VALUES ('45113000-2', 'Obras no local');
INSERT INTO PRODUTO (CPV, NOME) VALUES ('45200000-9', 'Obras de construção total ou parcial e de engenharia civil');
INSERT INTO PRODUTO (CPV, NOME) VALUES ('45231300-8', 'Construção de condutas para água e águas residuais');
INSERT INTO PRODUTO (CPV, NOME) VALUES ('45233220-7', 'Pavimentação de estradas');
INSERT INTO PRODUTO (CPV, NOME) VALUES ('45259000-7', 'Reparação e manutenção de instalações');
INSERT INTO PRODUTO (CPV, NOME) VALUES ('45331220-4', 'Instalação de ar condicionado');
INSERT INTO PRODUTO (CPV, NOME) VALUES ('48824000-0', 'Servidores de impressora');
INSERT INTO PRODUTO (CPV, NOME) VALUES ('50000000-5', 'Serviços de reparação e manutenção');
INSERT INTO PRODUTO (CPV, NOME) VALUES ('50110000-9', 'Serviços de reparação e manutenção de veículos e equipamento afim');
INSERT INTO PRODUTO (CPV, NOME) VALUES ('50112111-4', 'Serviços de bate-chapas');
INSERT INTO PRODUTO (CPV, NOME) VALUES ('50115000-4', 'Serviços de manutenção e reparação de motociclos');
INSERT INTO PRODUTO (CPV, NOME) VALUES ('50241100-7', 'Serviços de reparação de embarcações');
INSERT INTO PRODUTO (CPV, NOME) VALUES ('50712000-9', 'Serviços de reparação e manutenção de equipamento mecânico em edifícios');
INSERT INTO PRODUTO (CPV, NOME) VALUES ('50880000-7', 'Serviços de reparação e manutenção de equipamento para hotelaria e restauração');
INSERT INTO PRODUTO (CPV, NOME) VALUES ('60170000-0', 'Aluguer de veículos para transporte de passageiros com condutor');
INSERT INTO PRODUTO (CPV, NOME) VALUES ('60171000-7', 'Aluguer de automóveis de passageiros com condutor');
INSERT INTO PRODUTO (CPV, NOME) VALUES ('64000000-6', 'Serviços postais e de telecomunicações - Normal');
INSERT INTO PRODUTO (CPV, NOME) VALUES ('71000000-8', 'Serviços de arquitectura, construção, engenharia e inspecção');
INSERT INTO PRODUTO (CPV, NOME) VALUES ('71240000-2', 'Serviços de arquitectura, engenharia e planeamento');
INSERT INTO PRODUTO (CPV, NOME) VALUES ('71250000-5', 'Serviços de arquitectura, engenharia e levantamento topográfico');
INSERT INTO PRODUTO (CPV, NOME) VALUES ('71318100-1', 'Serviços de iluminação natural e artificial');
INSERT INTO PRODUTO (CPV, NOME) VALUES ('71351000-3', 'Serviços de prospecção geológica e geofísica e outros serviços de prospecção científica');
INSERT INTO PRODUTO (CPV, NOME) VALUES ('71400000-2', 'Serviços de arquitectura paisagística e planeamento urbano');
INSERT INTO PRODUTO (CPV, NOME) VALUES ('71621000-7', 'Serviços técnicos de análise ou consultoria');
INSERT INTO PRODUTO (CPV, NOME) VALUES ('72000000-5', 'Serviços de TI: consultoria, desenvolvimento de software, Internet e apoio');
INSERT INTO PRODUTO (CPV, NOME) VALUES ('72500000-0', 'Serviços relacionados com a informática');
INSERT INTO PRODUTO (CPV, NOME) VALUES ('73220000-0', 'Serviços de consultoria em matéria de desenvolvimento');
INSERT INTO PRODUTO (CPV, NOME) VALUES ('77311000-3', 'Serviços de manutenção de jardins ornamentais e recreativos');
INSERT INTO PRODUTO (CPV, NOME) VALUES ('77313000-7', 'Serviços de manutenção de parques');
INSERT INTO PRODUTO (CPV, NOME) VALUES ('79530000-8', 'Serviços de tradução');
INSERT INTO PRODUTO (CPV, NOME) VALUES ('79822500-7', 'Serviços de concepção gráfica');
INSERT INTO PRODUTO (CPV, NOME) VALUES ('90910000-9', 'Serviços de limpeza');
INSERT INTO PRODUTO (CPV, NOME) VALUES ('92000000-1', 'Serviços recreativos, culturais e desportivos');
INSERT INTO PRODUTO (CPV, NOME) VALUES ('92110000-5', 'Serviços de produção de filmes e fitas de vídeo e afins');
INSERT INTO PRODUTO (CPV, NOME) VALUES ('92300000-4', 'Serviços recreativos');
INSERT INTO PRODUTO (CPV, NOME) VALUES ('92312100-2', 'Serviços recreativos de produtores teatrais, grupos de cantores, bandas de música e orquestras');
INSERT INTO PRODUTO (CPV, NOME) VALUES ('92312240-5', 'Serviços prestados por artistas');
INSERT INTO PRODUTO (CPV, NOME) VALUES ('92340000-6', 'Serviços de espectáculos recreativos e de dança');
INSERT INTO PRODUTO (CPV, NOME) VALUES ('92620000-3', 'Serviços relacionados com o desporto');
INSERT INTO PRODUTO (CPV, NOME) VALUES ('98300000-6', 'Serviços diversos');
INSERT INTO PRODUTO (CPV, NOME) VALUES ('98390000-3', 'Outros serviços');

INSERT INTO ENTIDADE (NIF, NOME) VALUES ('500039720', 'Procter e Gamble Portugal SA');
INSERT INTO ENTIDADE (NIF, NOME) VALUES ('500051054', 'Município de Arouca');
INSERT INTO ENTIDADE (NIF, NOME) VALUES ('500077622', 'Haworth Portugal - Mobiliário de Escritório S.A');
INSERT INTO ENTIDADE (NIF, NOME) VALUES ('500239819', 'Oxifat - Chapas Industriais e Oxicorte, Lda');
INSERT INTO ENTIDADE (NIF, NOME) VALUES ('500650870', 'SUPPORTCATEGORY UNIPESSOAL, LDA');
INSERT INTO ENTIDADE (NIF, NOME) VALUES ('500684324', 'Basedois - Informatica e Telecomunicações, Limitada');
INSERT INTO ENTIDADE (NIF, NOME) VALUES ('500745943', 'Município de Mértola');
INSERT INTO ENTIDADE (NIF, NOME) VALUES ('500900469', 'INDUMA - MÁQUINAS INDUSTRIAIS LIMITADA');
INSERT INTO ENTIDADE (NIF, NOME) VALUES ('501102752', 'Instituto Superior de Ciências Sociais e Políticas');
INSERT INTO ENTIDADE (NIF, NOME) VALUES ('501111190', 'SÉRGIO GUERRA, HUGO PIMENTA & ASSOCIADOS, LDA.');
INSERT INTO ENTIDADE (NIF, NOME) VALUES ('501112049', 'Município de Serpa');
INSERT INTO ENTIDADE (NIF, NOME) VALUES ('501122486', 'Centro Hospitalar Universitário de Lisboa Norte, E. P. E.');
INSERT INTO ENTIDADE (NIF, NOME) VALUES ('501142290', 'Batist Medical, Lda');
INSERT INTO ENTIDADE (NIF, NOME) VALUES ('501222189', 'NIOBO, LDA');
INSERT INTO ENTIDADE (NIF, NOME) VALUES ('501306269', 'Município de Ovar');
INSERT INTO ENTIDADE (NIF, NOME) VALUES ('501306870', 'Escola Profissional da Mealhada, L.da');
INSERT INTO ENTIDADE (NIF, NOME) VALUES ('501333401', 'Ecogestus - Resíduos, Estudos e Soluções Lda.');
INSERT INTO ENTIDADE (NIF, NOME) VALUES ('501460888', 'Serviço de Saúde da Região Autónoma da Madeira, EPE-RAM');
INSERT INTO ENTIDADE (NIF, NOME) VALUES ('501494170', 'Instituto Hidrográfico');
INSERT INTO ENTIDADE (NIF, NOME) VALUES ('501523375', 'Tojalense - Trabalhos em Const. Civil, Unip., Lda');
INSERT INTO ENTIDADE (NIF, NOME) VALUES ('501559094', 'Universidade Nova de Lisboa');
INSERT INTO ENTIDADE (NIF, NOME) VALUES ('501591842', 'ABBOTT MEDICAL PORT. DIST. PROD.MED.');
INSERT INTO ENTIDADE (NIF, NOME) VALUES ('501702709', 'Electroalbi');
INSERT INTO ENTIDADE (NIF, NOME) VALUES ('501745068', 'Visualforma SA');
INSERT INTO ENTIDADE (NIF, NOME) VALUES ('501762370', 'Móveis Modernos Maia e Rocha, Lda');
INSERT INTO ENTIDADE (NIF, NOME) VALUES ('502081619', 'PAVILECTRICA, Lda');
INSERT INTO ENTIDADE (NIF, NOME) VALUES ('502130326', 'IDEAS & ARGUMENTS - CONSULTING, LDA');
INSERT INTO ENTIDADE (NIF, NOME) VALUES ('502173297', 'Município de Paços de Ferreira');
INSERT INTO ENTIDADE (NIF, NOME) VALUES ('502177101', 'Centro Hospitalar de Lisboa Ocidental, E. P. E.');
INSERT INTO ENTIDADE (NIF, NOME) VALUES ('502262184', 'Teprel');
INSERT INTO ENTIDADE (NIF, NOME) VALUES ('502422351', 'PAULO PEREIRA, SERVIÇOS DE ENGENHARIA CIVIL, LDA');
INSERT INTO ENTIDADE (NIF, NOME) VALUES ('502495111', 'ACCORD HEALTHCARE, UNIPESSOAL Lda.');
INSERT INTO ENTIDADE (NIF, NOME) VALUES ('502629703', 'Teleflex Medical, S.A.');
INSERT INTO ENTIDADE (NIF, NOME) VALUES ('502661038', 'Município de Almada');
INSERT INTO ENTIDADE (NIF, NOME) VALUES ('502706775', 'MEDLINE INTERNATIONAL PORTUGAL, UNIPESSOAL, LDA');
INSERT INTO ENTIDADE (NIF, NOME) VALUES ('502765372', 'Arleve, Lda');
INSERT INTO ENTIDADE (NIF, NOME) VALUES ('502808004', 'Constrotúnel S.A.');
INSERT INTO ENTIDADE (NIF, NOME) VALUES ('502926287', 'Balanças Marques de José Pimenta Marques, Lda.');
INSERT INTO ENTIDADE (NIF, NOME) VALUES ('502928786', 'Andifer');
INSERT INTO ENTIDADE (NIF, NOME) VALUES ('502942959', 'PAULO VIVEIROS - PINTURA AUTO S.U., LDA');
INSERT INTO ENTIDADE (NIF, NOME) VALUES ('503037753', '12AB-RENT - Aluguer de viaturas e máquinas, Lda.');
INSERT INTO ENTIDADE (NIF, NOME) VALUES ('503070220', 'Isabel Maria Ferreira Marques Vieira');
INSERT INTO ENTIDADE (NIF, NOME) VALUES ('503148776', 'Município de Vila Real');
INSERT INTO ENTIDADE (NIF, NOME) VALUES ('503157694', 'Acet - Antero Cardoso, Engenharia Termodinâmica, Lda');
INSERT INTO ENTIDADE (NIF, NOME) VALUES ('503197149', 'LEO Farmacêuticos Lda');
INSERT INTO ENTIDADE (NIF, NOME) VALUES ('503279765', 'Serviço de Saúde da Região Autónoma da Madeira, EPE-RAM');
INSERT INTO ENTIDADE (NIF, NOME) VALUES ('503281115', 'MICROPORT CRM PORTUGAL, LDA');
INSERT INTO ENTIDADE (NIF, NOME) VALUES ('503347345', 'Sweets4U, Comercialização e Representação de Produtos Alimentares, Lda.');
INSERT INTO ENTIDADE (NIF, NOME) VALUES ('503439800', 'Mourauto - Comércio e Reparações Em Veículos Lda');
INSERT INTO ENTIDADE (NIF, NOME) VALUES ('503506168', 'Ar de Filmes Lda');
INSERT INTO ENTIDADE (NIF, NOME) VALUES ('503531588', 'VTE EVENTOS LDA');
INSERT INTO ENTIDADE (NIF, NOME) VALUES ('503541567', 'Gebalis - Gestão do Arrendamento da Habitação Municipal de Lisboa, E. M., S. A.');
INSERT INTO ENTIDADE (NIF, NOME) VALUES ('503747971', 'MOLNLYCKE HEALTH CARE COM PROD HOSPITALARES, LDA');
INSERT INTO ENTIDADE (NIF, NOME) VALUES ('503818348', 'Link Consulting - Tecnologias de Informação, S.A.');
INSERT INTO ENTIDADE (NIF, NOME) VALUES ('503932680', 'Tomás Augusto Oliveira Teixeira');
INSERT INTO ENTIDADE (NIF, NOME) VALUES ('503966908', 'Instituto da Habitação e da Reabilitação Urbana, I. P.');
INSERT INTO ENTIDADE (NIF, NOME) VALUES ('504152980', 'Centro Hospitalar Universitário de Lisboa Norte, E. P. E.');
INSERT INTO ENTIDADE (NIF, NOME) VALUES ('504207350', 'Primeira Linha, Lda.');
INSERT INTO ENTIDADE (NIF, NOME) VALUES ('504447459', 'Medwell');
INSERT INTO ENTIDADE (NIF, NOME) VALUES ('504453939', 'Sons em Trânsito – Espectáculos Culturais, Unipessoal, Lda.');
INSERT INTO ENTIDADE (NIF, NOME) VALUES ('504547313', 'Município de Braga');
INSERT INTO ENTIDADE (NIF, NOME) VALUES ('504551221', 'Teleflex Medical, S.A.');
INSERT INTO ENTIDADE (NIF, NOME) VALUES ('504612328', 'EPA - Escola Profissional de Alte, C. I. P. R. L.');
INSERT INTO ENTIDADE (NIF, NOME) VALUES ('504615947', 'MEO - SERVIÇOS DE COMUNICAÇÕES E MULTIMÉDIA, S.A.');
INSERT INTO ENTIDADE (NIF, NOME) VALUES ('504884620', 'Município de Beja');
INSERT INTO ENTIDADE (NIF, NOME) VALUES ('505148676', 'LINEAMEDICA-DISPOSITIVOS MEDICOS-CIRUGICOS, SA');
INSERT INTO ENTIDADE (NIF, NOME) VALUES ('505181266', 'Centro Hospitalar Vila Nova de Gaia - Espinho, E. P. E.');
INSERT INTO ENTIDADE (NIF, NOME) VALUES ('505187531', 'Instituto Nacional de Investigação Agrária e Veterinária, I. P.');
INSERT INTO ENTIDADE (NIF, NOME) VALUES ('505330768', 'Município da Covilhã');
INSERT INTO ENTIDADE (NIF, NOME) VALUES ('505456010', 'Centro Hospitalar Tondela-Viseu, E. P. E.');
INSERT INTO ENTIDADE (NIF, NOME) VALUES ('505569400', 'Santogal L - Comércio e Reparação de Automóveis, S.A.');
INSERT INTO ENTIDADE (NIF, NOME) VALUES ('505586401', 'Centro Hospitalar Universitário de São João, E. P. E.');
INSERT INTO ENTIDADE (NIF, NOME) VALUES ('505661349', 'Construções Rochafiel, Lda');
INSERT INTO ENTIDADE (NIF, NOME) VALUES ('505948605', 'Município de Aljustrel');
INSERT INTO ENTIDADE (NIF, NOME) VALUES ('506321894', 'Município de Olhão');
INSERT INTO ENTIDADE (NIF, NOME) VALUES ('506334562', 'Município de Abrantes');
INSERT INTO ENTIDADE (NIF, NOME) VALUES ('506359670', 'Município de Vila Real');
INSERT INTO ENTIDADE (NIF, NOME) VALUES ('506415082', 'Centro Hospitalar Vila Nova de Gaia - Espinho, E. P. E.');
INSERT INTO ENTIDADE (NIF, NOME) VALUES ('506609553', 'Câmara Municipal da Moita');
INSERT INTO ENTIDADE (NIF, NOME) VALUES ('506705307', 'I2DP - Ideias, Inovação e Desenvolvimento de Projetos de Engenharia, Lda.');
INSERT INTO ENTIDADE (NIF, NOME) VALUES ('506734579', 'EVORAVICOLA - INDUSTRIA E COMERCIO DE AVES, LDA');
INSERT INTO ENTIDADE (NIF, NOME) VALUES ('506788490', 'Município de Cascais');
INSERT INTO ENTIDADE (NIF, NOME) VALUES ('506791220', 'Município de Cascais');
INSERT INTO ENTIDADE (NIF, NOME) VALUES ('506804240', 'Município de Lagoa');
INSERT INTO ENTIDADE (NIF, NOME) VALUES ('506808122', 'Município de Amarante');
INSERT INTO ENTIDADE (NIF, NOME) VALUES ('506822680', 'Município de Tondela');
INSERT INTO ENTIDADE (NIF, NOME) VALUES ('506829197', 'Município de Alcochete');
INSERT INTO ENTIDADE (NIF, NOME) VALUES ('506834166', 'Município de Nelas');
INSERT INTO ENTIDADE (NIF, NOME) VALUES ('506841561', 'Município de Fafe');
INSERT INTO ENTIDADE (NIF, NOME) VALUES ('506901173', 'Ministério da Defesa Nacional - Marinha');
INSERT INTO ENTIDADE (NIF, NOME) VALUES ('506950050', 'António Jorge da Costa Fernandes');
INSERT INTO ENTIDADE (NIF, NOME) VALUES ('506958680', 'SANO TÉCNICA');
INSERT INTO ENTIDADE (NIF, NOME) VALUES ('506989020', 'AMBIMETRIC, LDA');
INSERT INTO ENTIDADE (NIF, NOME) VALUES ('507011937', 'Águas do Norte, S. A.');
INSERT INTO ENTIDADE (NIF, NOME) VALUES ('507040589', 'Município de Oeiras');
INSERT INTO ENTIDADE (NIF, NOME) VALUES ('507364481', 'Climacom - Assist. Técnica de Climatização, Lda.');
INSERT INTO ENTIDADE (NIF, NOME) VALUES ('507406931', 'Cimontubo - Tubagens e Soldadura, Lda');
INSERT INTO ENTIDADE (NIF, NOME) VALUES ('507618319', 'Centro Hospitalar Tondela-Viseu, E. P. E.');
INSERT INTO ENTIDADE (NIF, NOME) VALUES ('507927915', 'VIANAS, SA');
INSERT INTO ENTIDADE (NIF, NOME) VALUES ('508142156', 'Adm.Reg.de Saúde de Lisboa e Vale do Tejo (ARSLVT)');
INSERT INTO ENTIDADE (NIF, NOME) VALUES ('508245567', 'Entredoor, Portas e automatismos Lda');
INSERT INTO ENTIDADE (NIF, NOME) VALUES ('508481287', 'Administração Regional de Saúde de Lisboa e Vale do Tejo, I. P.');
INSERT INTO ENTIDADE (NIF, NOME) VALUES ('508537150', 'NEUROWAVE, LDA.');
INSERT INTO ENTIDADE (NIF, NOME) VALUES ('508592909', 'Renato Alexandre da Costa Machado');
INSERT INTO ENTIDADE (NIF, NOME) VALUES ('508622263', 'CLINIFAR - PROD. CLIN. FARMACÊUTICOS S.A.');
INSERT INTO ENTIDADE (NIF, NOME) VALUES ('508653746', 'ENDOTÉCNICA - Soluções Hospitalares');
INSERT INTO ENTIDADE (NIF, NOME) VALUES ('508830583', 'Obras Campos Rocha Lda');
INSERT INTO ENTIDADE (NIF, NOME) VALUES ('508894034', 'Município de Olhão');
INSERT INTO ENTIDADE (NIF, NOME) VALUES ('509076718', 'NOVARTIS FARMA - Produtos Farmacêuticos, SA.');
INSERT INTO ENTIDADE (NIF, NOME) VALUES ('509282547', 'Conforto & Equilibrio Refrigeração e Climatização Lda');
INSERT INTO ENTIDADE (NIF, NOME) VALUES ('509472052', 'MEDICINÁLIA-CORMÉDICA, LDA');
INSERT INTO ENTIDADE (NIF, NOME) VALUES ('509729851', 'Excelentetítulo – Unipessoal, Lda');
INSERT INTO ENTIDADE (NIF, NOME) VALUES ('509761534', 'CIMBAL - Comunidade Intermunicipal do Baixo Alentejo');
INSERT INTO ENTIDADE (NIF, NOME) VALUES ('509821197', 'Serviço de Saúde da Região Autónoma da Madeira, EPE-RAM');
INSERT INTO ENTIDADE (NIF, NOME) VALUES ('509822940', 'Centro Hospitalar Tondela-Viseu, E. P. E.');
INSERT INTO ENTIDADE (NIF, NOME) VALUES ('510179851', 'POUSAMIL - COMP. E MAQ. INDUSTRIAIS, SA.');
INSERT INTO ENTIDADE (NIF, NOME) VALUES ('510255086', 'Wartsila Portugal, S.A.');
INSERT INTO ENTIDADE (NIF, NOME) VALUES ('510345271', 'Município de Pedrógão Grande');
INSERT INTO ENTIDADE (NIF, NOME) VALUES ('510533515', 'Serviço de Utilização Comum dos Hospitais');
INSERT INTO ENTIDADE (NIF, NOME) VALUES ('510681999', 'Ursa Maior Comunicação Lda');
INSERT INTO ENTIDADE (NIF, NOME) VALUES ('510730507', 'ENERRE PHARMA, LDA.');
INSERT INTO ENTIDADE (NIF, NOME) VALUES ('510782582', 'LeasePlan Portugal - Comércio e Aluguer de Automóveis e Equipamentos Unipessoal Lda.');
INSERT INTO ENTIDADE (NIF, NOME) VALUES ('511101066', 'Paramedica Equipamento Médicos, Lda');
INSERT INTO ENTIDADE (NIF, NOME) VALUES ('511228848', 'Centro Hospitalar Universitário de Lisboa Norte, E. P. E.');
INSERT INTO ENTIDADE (NIF, NOME) VALUES ('512017050', 'Município de Oliveira de Azeméis');
INSERT INTO ENTIDADE (NIF, NOME) VALUES ('513020209', 'Cimontubo - Tubagens e Soldadura, Lda');
INSERT INTO ENTIDADE (NIF, NOME) VALUES ('513487123', 'Areal Editores, SA');
INSERT INTO ENTIDADE (NIF, NOME) VALUES ('513606084', 'Centro Hospitalar Tondela-Viseu, E. P. E.');
INSERT INTO ENTIDADE (NIF, NOME) VALUES ('513735917', 'WECUL SISTEMAS DE INFORMAÇÃO, LDA');
INSERT INTO ENTIDADE (NIF, NOME) VALUES ('513848002', 'GoSegur-Segurança Eletrónica, Lda');
INSERT INTO ENTIDADE (NIF, NOME) VALUES ('513950494', 'Mexaflur Electronica Unipessoal lda');
INSERT INTO ENTIDADE (NIF, NOME) VALUES ('514218800', 'EMPEV – Gestão de Espaços Verdes, Lda.');
INSERT INTO ENTIDADE (NIF, NOME) VALUES ('514657375', 'AVIQUIMICA-IMPORTAÇÕES E MANUFACTURAS, LDA');
INSERT INTO ENTIDADE (NIF, NOME) VALUES ('514676493', 'Basedois - Informatica e Telecomunicações, Limitada');
INSERT INTO ENTIDADE (NIF, NOME) VALUES ('514728922', 'LABLAD, LDA');
INSERT INTO ENTIDADE (NIF, NOME) VALUES ('514739770', 'Limbo arquitetcura Paisgaista Unipessoal LDA');
INSERT INTO ENTIDADE (NIF, NOME) VALUES ('514914050', 'ILUSOTOUCH - LIMPEZAS TÉCNICAS, LDA');
INSERT INTO ENTIDADE (NIF, NOME) VALUES ('515040045', 'INETUM ESPAÑA SA');
INSERT INTO ENTIDADE (NIF, NOME) VALUES ('515194212', 'AQUANENA - Empresa Municipal de Águas e Saneamento de Alcanena, E. M., S. A.');
INSERT INTO ENTIDADE (NIF, NOME) VALUES ('515339644', 'CABENA - CABINAS DE BENAVENTE, LDA');
INSERT INTO ENTIDADE (NIF, NOME) VALUES ('515486159', 'Instituto Politécnico de Castelo Branco');
INSERT INTO ENTIDADE (NIF, NOME) VALUES ('515985961', 'IN SAFE HANDS, UNIPESSOAL LDA');
INSERT INTO ENTIDADE (NIF, NOME) VALUES ('516105183', 'AMGEN-BIOFARMACEUTICA, LDA');
INSERT INTO ENTIDADE (NIF, NOME) VALUES ('516148796', 'Seda II Design lUnipessoal Lda');
INSERT INTO ENTIDADE (NIF, NOME) VALUES ('516416561', 'Maquin-Cozinhas e Lavandarias, Lda');
INSERT INTO ENTIDADE (NIF, NOME) VALUES ('516591649', 'HUGO FILIPE CORREIA BAPTISTA UNIP. LDA');
INSERT INTO ENTIDADE (NIF, NOME) VALUES ('517126150', 'AMBERJACK SOLUTIONS, UNIPESSOAL, LDA.');
INSERT INTO ENTIDADE (NIF, NOME) VALUES ('600006662', 'Centro Hospitalar Universitário de Lisboa Norte, E. P. E.');
INSERT INTO ENTIDADE (NIF, NOME) VALUES ('600012662', 'Centro Hospitalar Universitário de Lisboa Norte, E. P. E.');
INSERT INTO ENTIDADE (NIF, NOME) VALUES ('600019152', 'A. D. A. M. - Águas do Alto Minho, S. A.');
INSERT INTO ENTIDADE (NIF, NOME) VALUES ('600020339', 'Procuradoria-Geral da República');
INSERT INTO ENTIDADE (NIF, NOME) VALUES ('600021610', 'Município de Mafra');
INSERT INTO ENTIDADE (NIF, NOME) VALUES ('600054128', 'Assembleia da República');
INSERT INTO ENTIDADE (NIF, NOME) VALUES ('600087077', 'Direção Regional das Obras Públicas e Transportes Terrestres');
INSERT INTO ENTIDADE (NIF, NOME) VALUES ('600087557', 'Centro de Competências de Planeamento, de Políticas e de Prospetiva da Administração Pública');
INSERT INTO ENTIDADE (NIF, NOME) VALUES ('980079659', 'EZEQUIEL PANÃO JORGE, LDA');
INSERT INTO ENTIDADE (NIF, NOME) VALUES ('980249783', 'AD-VERBUM INTER, LDA.');
INSERT INTO ENTIDADE (NIF, NOME) VALUES ('980269644', 'Organização Internacional do Trabalho Escritório em Lisboa');
INSERT INTO ENTIDADE (NIF, NOME) VALUES ('980379563', 'DIASORIN IBERIA, S.A');
INSERT INTO ENTIDADE (NIF, NOME) VALUES ('980474710', 'Francisco J. V. Marques');

INSERT INTO CONTRATO_PRODUTO (ID_CONTRATO, CPV) VALUES (1, '39100000-3');
INSERT INTO CONTRATO_PRODUTO (ID_CONTRATO, CPV) VALUES (2, '79822500-7');
INSERT INTO CONTRATO_PRODUTO (ID_CONTRATO, CPV) VALUES (3, '31625000-3');
INSERT INTO CONTRATO_PRODUTO (ID_CONTRATO, CPV) VALUES (4, '42513200-7');
INSERT INTO CONTRATO_PRODUTO (ID_CONTRATO, CPV) VALUES (5, '50880000-7');
INSERT INTO CONTRATO_PRODUTO (ID_CONTRATO, CPV) VALUES (6, '71000000-8');
INSERT INTO CONTRATO_PRODUTO (ID_CONTRATO, CPV) VALUES (7, '64000000-6');
INSERT INTO CONTRATO_PRODUTO (ID_CONTRATO, CPV) VALUES (8, '71351000-3');
INSERT INTO CONTRATO_PRODUTO (ID_CONTRATO, CPV) VALUES (9, '45110000-1');
INSERT INTO CONTRATO_PRODUTO (ID_CONTRATO, CPV) VALUES (10, '98390000-3');
INSERT INTO CONTRATO_PRODUTO (ID_CONTRATO, CPV) VALUES (11, '92312240-5');
INSERT INTO CONTRATO_PRODUTO (ID_CONTRATO, CPV) VALUES (12, '31682000-0');
INSERT INTO CONTRATO_PRODUTO (ID_CONTRATO, CPV) VALUES (13, '72000000-5');
INSERT INTO CONTRATO_PRODUTO (ID_CONTRATO, CPV) VALUES (14, '39717200-3');
INSERT INTO CONTRATO_PRODUTO (ID_CONTRATO, CPV) VALUES (15, '73220000-0');
INSERT INTO CONTRATO_PRODUTO (ID_CONTRATO, CPV) VALUES (16, '45231300-8');
INSERT INTO CONTRATO_PRODUTO (ID_CONTRATO, CPV) VALUES (17, '32344200-8');
INSERT INTO CONTRATO_PRODUTO (ID_CONTRATO, CPV) VALUES (18, '71250000-5');
INSERT INTO CONTRATO_PRODUTO (ID_CONTRATO, CPV) VALUES (19, '30213100-6');
INSERT INTO CONTRATO_PRODUTO (ID_CONTRATO, CPV) VALUES (20, '45231300-8');
INSERT INTO CONTRATO_PRODUTO (ID_CONTRATO, CPV) VALUES (21, '50000000-5');
INSERT INTO CONTRATO_PRODUTO (ID_CONTRATO, CPV) VALUES (22, '92340000-6');
INSERT INTO CONTRATO_PRODUTO (ID_CONTRATO, CPV) VALUES (23, '33190000-8');
INSERT INTO CONTRATO_PRODUTO (ID_CONTRATO, CPV) VALUES (24, '39130000-2');
INSERT INTO CONTRATO_PRODUTO (ID_CONTRATO, CPV) VALUES (25, '15100000-9');
INSERT INTO CONTRATO_PRODUTO (ID_CONTRATO, CPV) VALUES (26, '33190000-8');
INSERT INTO CONTRATO_PRODUTO (ID_CONTRATO, CPV) VALUES (27, '50000000-5');
INSERT INTO CONTRATO_PRODUTO (ID_CONTRATO, CPV) VALUES (28, '45331220-4');
INSERT INTO CONTRATO_PRODUTO (ID_CONTRATO, CPV) VALUES (29, '90910000-9');
INSERT INTO CONTRATO_PRODUTO (ID_CONTRATO, CPV) VALUES (30, '50000000-5');
INSERT INTO CONTRATO_PRODUTO (ID_CONTRATO, CPV) VALUES (31, '39300000-5');
INSERT INTO CONTRATO_PRODUTO (ID_CONTRATO, CPV) VALUES (32, '33690000-3');
INSERT INTO CONTRATO_PRODUTO (ID_CONTRATO, CPV) VALUES (33, '79530000-8');
INSERT INTO CONTRATO_PRODUTO (ID_CONTRATO, CPV) VALUES (34, '33141200-2');
INSERT INTO CONTRATO_PRODUTO (ID_CONTRATO, CPV) VALUES (35, '50000000-5');
INSERT INTO CONTRATO_PRODUTO (ID_CONTRATO, CPV) VALUES (36, '42113161-0');
INSERT INTO CONTRATO_PRODUTO (ID_CONTRATO, CPV) VALUES (37, '60170000-0');
INSERT INTO CONTRATO_PRODUTO (ID_CONTRATO, CPV) VALUES (38, '39290000-1');
INSERT INTO CONTRATO_PRODUTO (ID_CONTRATO, CPV) VALUES (39, '30125100-2');
INSERT INTO CONTRATO_PRODUTO (ID_CONTRATO, CPV) VALUES (40, '50000000-5');
INSERT INTO CONTRATO_PRODUTO (ID_CONTRATO, CPV) VALUES (41, '92620000-3');
INSERT INTO CONTRATO_PRODUTO (ID_CONTRATO, CPV) VALUES (42, '50000000-5');
INSERT INTO CONTRATO_PRODUTO (ID_CONTRATO, CPV) VALUES (43, '50110000-9');
INSERT INTO CONTRATO_PRODUTO (ID_CONTRATO, CPV) VALUES (44, '71240000-2');
INSERT INTO CONTRATO_PRODUTO (ID_CONTRATO, CPV) VALUES (45, '33190000-8');
INSERT INTO CONTRATO_PRODUTO (ID_CONTRATO, CPV) VALUES (46, '33190000-8');
INSERT INTO CONTRATO_PRODUTO (ID_CONTRATO, CPV) VALUES (47, '33190000-8');
INSERT INTO CONTRATO_PRODUTO (ID_CONTRATO, CPV) VALUES (48, '48824000-0');
INSERT INTO CONTRATO_PRODUTO (ID_CONTRATO, CPV) VALUES (49, '33190000-8');
INSERT INTO CONTRATO_PRODUTO (ID_CONTRATO, CPV) VALUES (50, '44212313-6');
INSERT INTO CONTRATO_PRODUTO (ID_CONTRATO, CPV) VALUES (51, '33000000-0');
INSERT INTO CONTRATO_PRODUTO (ID_CONTRATO, CPV) VALUES (52, '50115000-4');
INSERT INTO CONTRATO_PRODUTO (ID_CONTRATO, CPV) VALUES (53, '33123200-0');
INSERT INTO CONTRATO_PRODUTO (ID_CONTRATO, CPV) VALUES (54, '33690000-3');
INSERT INTO CONTRATO_PRODUTO (ID_CONTRATO, CPV) VALUES (55, '33690000-3');
INSERT INTO CONTRATO_PRODUTO (ID_CONTRATO, CPV) VALUES (56, '33100000-1');
INSERT INTO CONTRATO_PRODUTO (ID_CONTRATO, CPV) VALUES (57, '33195000-3');
INSERT INTO CONTRATO_PRODUTO (ID_CONTRATO, CPV) VALUES (58, '44212313-6');
INSERT INTO CONTRATO_PRODUTO (ID_CONTRATO, CPV) VALUES (59, '77311000-3');
INSERT INTO CONTRATO_PRODUTO (ID_CONTRATO, CPV) VALUES (60, '33140000-3');
INSERT INTO CONTRATO_PRODUTO (ID_CONTRATO, CPV) VALUES (61, '45231300-8');
INSERT INTO CONTRATO_PRODUTO (ID_CONTRATO, CPV) VALUES (62, '45231300-8');
INSERT INTO CONTRATO_PRODUTO (ID_CONTRATO, CPV) VALUES (63, '50000000-5');
INSERT INTO CONTRATO_PRODUTO (ID_CONTRATO, CPV) VALUES (64, '32523000-5');
INSERT INTO CONTRATO_PRODUTO (ID_CONTRATO, CPV) VALUES (65, '50712000-9');
INSERT INTO CONTRATO_PRODUTO (ID_CONTRATO, CPV) VALUES (66, '30233100-2');
INSERT INTO CONTRATO_PRODUTO (ID_CONTRATO, CPV) VALUES (67, '18221000-4');
INSERT INTO CONTRATO_PRODUTO (ID_CONTRATO, CPV) VALUES (68, '92312100-2');
INSERT INTO CONTRATO_PRODUTO (ID_CONTRATO, CPV) VALUES (69, '98390000-3');
INSERT INTO CONTRATO_PRODUTO (ID_CONTRATO, CPV) VALUES (70, '33690000-3');
INSERT INTO CONTRATO_PRODUTO (ID_CONTRATO, CPV) VALUES (71, '15000000-8');
INSERT INTO CONTRATO_PRODUTO (ID_CONTRATO, CPV) VALUES (72, '45113000-2');
INSERT INTO CONTRATO_PRODUTO (ID_CONTRATO, CPV) VALUES (73, '33140000-3');
INSERT INTO CONTRATO_PRODUTO (ID_CONTRATO, CPV) VALUES (74, '35520000-5');
INSERT INTO CONTRATO_PRODUTO (ID_CONTRATO, CPV) VALUES (75, '50000000-5');
INSERT INTO CONTRATO_PRODUTO (ID_CONTRATO, CPV) VALUES (76, '45200000-9');
INSERT INTO CONTRATO_PRODUTO (ID_CONTRATO, CPV) VALUES (77, '60171000-7');
INSERT INTO CONTRATO_PRODUTO (ID_CONTRATO, CPV) VALUES (78, '50000000-5');
INSERT INTO CONTRATO_PRODUTO (ID_CONTRATO, CPV) VALUES (79, '35113300-2');
INSERT INTO CONTRATO_PRODUTO (ID_CONTRATO, CPV) VALUES (80, '22000000-0');
INSERT INTO CONTRATO_PRODUTO (ID_CONTRATO, CPV) VALUES (81, '18420000-9');
INSERT INTO CONTRATO_PRODUTO (ID_CONTRATO, CPV) VALUES (82, '92312240-5');
INSERT INTO CONTRATO_PRODUTO (ID_CONTRATO, CPV) VALUES (83, '33190000-8');
INSERT INTO CONTRATO_PRODUTO (ID_CONTRATO, CPV) VALUES (84, '71621000-7');
INSERT INTO CONTRATO_PRODUTO (ID_CONTRATO, CPV) VALUES (85, '92000000-1');
INSERT INTO CONTRATO_PRODUTO (ID_CONTRATO, CPV) VALUES (86, '38650000-6');
INSERT INTO CONTRATO_PRODUTO (ID_CONTRATO, CPV) VALUES (87, '37520000-9');
INSERT INTO CONTRATO_PRODUTO (ID_CONTRATO, CPV) VALUES (88, '98300000-6');
INSERT INTO CONTRATO_PRODUTO (ID_CONTRATO, CPV) VALUES (89, '92340000-6');
INSERT INTO CONTRATO_PRODUTO (ID_CONTRATO, CPV) VALUES (90, '39162110-9');
INSERT INTO CONTRATO_PRODUTO (ID_CONTRATO, CPV) VALUES (91, '33690000-3');
INSERT INTO CONTRATO_PRODUTO (ID_CONTRATO, CPV) VALUES (92, '50112111-4');
INSERT INTO CONTRATO_PRODUTO (ID_CONTRATO, CPV) VALUES (93, '50000000-5');
INSERT INTO CONTRATO_PRODUTO (ID_CONTRATO, CPV) VALUES (94, '35520000-5');
INSERT INTO CONTRATO_PRODUTO (ID_CONTRATO, CPV) VALUES (95, '35520000-5');
INSERT INTO CONTRATO_PRODUTO (ID_CONTRATO, CPV) VALUES (96, '33140000-3');
INSERT INTO CONTRATO_PRODUTO (ID_CONTRATO, CPV) VALUES (97, '71400000-2');
INSERT INTO CONTRATO_PRODUTO (ID_CONTRATO, CPV) VALUES (98, '92110000-5');
INSERT INTO CONTRATO_PRODUTO (ID_CONTRATO, CPV) VALUES (99, '15811000-6');
INSERT INTO CONTRATO_PRODUTO (ID_CONTRATO, CPV) VALUES (100, '33690000-3');
INSERT INTO CONTRATO_PRODUTO (ID_CONTRATO, CPV) VALUES (101, '42510000-4');
INSERT INTO CONTRATO_PRODUTO (ID_CONTRATO, CPV) VALUES (102, '33190000-8');
INSERT INTO CONTRATO_PRODUTO (ID_CONTRATO, CPV) VALUES (103, '50241100-7');
INSERT INTO CONTRATO_PRODUTO (ID_CONTRATO, CPV) VALUES (104, '30200000-1');
INSERT INTO CONTRATO_PRODUTO (ID_CONTRATO, CPV) VALUES (105, '33690000-3');
INSERT INTO CONTRATO_PRODUTO (ID_CONTRATO, CPV) VALUES (106, '44112230-9');
INSERT INTO CONTRATO_PRODUTO (ID_CONTRATO, CPV) VALUES (107, '77313000-7');
INSERT INTO CONTRATO_PRODUTO (ID_CONTRATO, CPV) VALUES (108, '50000000-5');
INSERT INTO CONTRATO_PRODUTO (ID_CONTRATO, CPV) VALUES (109, '15811000-6');
INSERT INTO CONTRATO_PRODUTO (ID_CONTRATO, CPV) VALUES (110, '71318100-1');
INSERT INTO CONTRATO_PRODUTO (ID_CONTRATO, CPV) VALUES (111, '33140000-3');
INSERT INTO CONTRATO_PRODUTO (ID_CONTRATO, CPV) VALUES (112, '45233220-7');
INSERT INTO CONTRATO_PRODUTO (ID_CONTRATO, CPV) VALUES (113, '45259000-7');
INSERT INTO CONTRATO_PRODUTO (ID_CONTRATO, CPV) VALUES (114, '33690000-3');
INSERT INTO CONTRATO_PRODUTO (ID_CONTRATO, CPV) VALUES (115, '72500000-0');
INSERT INTO CONTRATO_PRODUTO (ID_CONTRATO, CPV) VALUES (116, '33184000-3');
INSERT INTO CONTRATO_PRODUTO (ID_CONTRATO, CPV) VALUES (117, '50000000-5');
INSERT INTO CONTRATO_PRODUTO (ID_CONTRATO, CPV) VALUES (118, '50000000-5');
INSERT INTO CONTRATO_PRODUTO (ID_CONTRATO, CPV) VALUES (119, '92300000-4');
INSERT INTO CONTRATO_PRODUTO (ID_CONTRATO, CPV) VALUES (120, '42923200-4');
INSERT INTO CONTRATO_PRODUTO (ID_CONTRATO, CPV) VALUES (121, '33600000-6');

INSERT INTO CONTRATO_ENTIDADE (ID_CONTRATO, NIF_ENTIDADE, TIPO) VALUES (1, '501559094', 'ADJUDICANTE');
INSERT INTO CONTRATO_ENTIDADE (ID_CONTRATO, NIF_ENTIDADE, TIPO) VALUES (2, '600087557', 'ADJUDICANTE');
INSERT INTO CONTRATO_ENTIDADE (ID_CONTRATO, NIF_ENTIDADE, TIPO) VALUES (3, '502173297', 'ADJUDICANTE');
INSERT INTO CONTRATO_ENTIDADE (ID_CONTRATO, NIF_ENTIDADE, TIPO) VALUES (4, '502173297', 'ADJUDICANTE');
INSERT INTO CONTRATO_ENTIDADE (ID_CONTRATO, NIF_ENTIDADE, TIPO) VALUES (5, '502173297', 'ADJUDICANTE');
INSERT INTO CONTRATO_ENTIDADE (ID_CONTRATO, NIF_ENTIDADE, TIPO) VALUES (6, '600054128', 'ADJUDICANTE');
INSERT INTO CONTRATO_ENTIDADE (ID_CONTRATO, NIF_ENTIDADE, TIPO) VALUES (7, '504612328', 'ADJUDICANTE');
INSERT INTO CONTRATO_ENTIDADE (ID_CONTRATO, NIF_ENTIDADE, TIPO) VALUES (8, '506841561', 'ADJUDICANTE');
INSERT INTO CONTRATO_ENTIDADE (ID_CONTRATO, NIF_ENTIDADE, TIPO) VALUES (9, '506359670', 'ADJUDICANTE');
INSERT INTO CONTRATO_ENTIDADE (ID_CONTRATO, NIF_ENTIDADE, TIPO) VALUES (10, '503966908', 'ADJUDICANTE');
INSERT INTO CONTRATO_ENTIDADE (ID_CONTRATO, NIF_ENTIDADE, TIPO) VALUES (11, '506321894', 'ADJUDICANTE');
INSERT INTO CONTRATO_ENTIDADE (ID_CONTRATO, NIF_ENTIDADE, TIPO) VALUES (12, '506822680', 'ADJUDICANTE');
INSERT INTO CONTRATO_ENTIDADE (ID_CONTRATO, NIF_ENTIDADE, TIPO) VALUES (13, '509761534', 'ADJUDICANTE');
INSERT INTO CONTRATO_ENTIDADE (ID_CONTRATO, NIF_ENTIDADE, TIPO) VALUES (14, '600020339', 'ADJUDICANTE');
INSERT INTO CONTRATO_ENTIDADE (ID_CONTRATO, NIF_ENTIDADE, TIPO) VALUES (15, '501112049', 'ADJUDICANTE');
INSERT INTO CONTRATO_ENTIDADE (ID_CONTRATO, NIF_ENTIDADE, TIPO) VALUES (16, '513606084', 'ADJUDICANTE');
INSERT INTO CONTRATO_ENTIDADE (ID_CONTRATO, NIF_ENTIDADE, TIPO) VALUES (17, '503966908', 'ADJUDICANTE');
INSERT INTO CONTRATO_ENTIDADE (ID_CONTRATO, NIF_ENTIDADE, TIPO) VALUES (18, '505181266', 'ADJUDICANTE');
INSERT INTO CONTRATO_ENTIDADE (ID_CONTRATO, NIF_ENTIDADE, TIPO) VALUES (19, '600012662', 'ADJUDICANTE');
INSERT INTO CONTRATO_ENTIDADE (ID_CONTRATO, NIF_ENTIDADE, TIPO) VALUES (20, '513606084', 'ADJUDICANTE');
INSERT INTO CONTRATO_ENTIDADE (ID_CONTRATO, NIF_ENTIDADE, TIPO) VALUES (21, '503541567', 'ADJUDICANTE');
INSERT INTO CONTRATO_ENTIDADE (ID_CONTRATO, NIF_ENTIDADE, TIPO) VALUES (22, '504884620', 'ADJUDICANTE');
INSERT INTO CONTRATO_ENTIDADE (ID_CONTRATO, NIF_ENTIDADE, TIPO) VALUES (23, '511228848', 'ADJUDICANTE');
INSERT INTO CONTRATO_ENTIDADE (ID_CONTRATO, NIF_ENTIDADE, TIPO) VALUES (24, '501306269', 'ADJUDICANTE');
INSERT INTO CONTRATO_ENTIDADE (ID_CONTRATO, NIF_ENTIDADE, TIPO) VALUES (25, '506804240', 'ADJUDICANTE');
INSERT INTO CONTRATO_ENTIDADE (ID_CONTRATO, NIF_ENTIDADE, TIPO) VALUES (26, '511228848', 'ADJUDICANTE');
INSERT INTO CONTRATO_ENTIDADE (ID_CONTRATO, NIF_ENTIDADE, TIPO) VALUES (27, '506834166', 'ADJUDICANTE');
INSERT INTO CONTRATO_ENTIDADE (ID_CONTRATO, NIF_ENTIDADE, TIPO) VALUES (28, '505330768', 'ADJUDICANTE');
INSERT INTO CONTRATO_ENTIDADE (ID_CONTRATO, NIF_ENTIDADE, TIPO) VALUES (29, '501494170', 'ADJUDICANTE');
INSERT INTO CONTRATO_ENTIDADE (ID_CONTRATO, NIF_ENTIDADE, TIPO) VALUES (30, '505181266', 'ADJUDICANTE');
INSERT INTO CONTRATO_ENTIDADE (ID_CONTRATO, NIF_ENTIDADE, TIPO) VALUES (30, '508142156', 'ADJUDICANTE');
INSERT INTO CONTRATO_ENTIDADE (ID_CONTRATO, NIF_ENTIDADE, TIPO) VALUES (31, '600087077', 'ADJUDICANTE');
INSERT INTO CONTRATO_ENTIDADE (ID_CONTRATO, NIF_ENTIDADE, TIPO) VALUES (32, '508481287', 'ADJUDICANTE');
INSERT INTO CONTRATO_ENTIDADE (ID_CONTRATO, NIF_ENTIDADE, TIPO) VALUES (33, '980269644', 'ADJUDICANTE');
INSERT INTO CONTRATO_ENTIDADE (ID_CONTRATO, NIF_ENTIDADE, TIPO) VALUES (34, '509822940', 'ADJUDICANTE');
INSERT INTO CONTRATO_ENTIDADE (ID_CONTRATO, NIF_ENTIDADE, TIPO) VALUES (35, '508142156', 'ADJUDICANTE');
INSERT INTO CONTRATO_ENTIDADE (ID_CONTRATO, NIF_ENTIDADE, TIPO) VALUES (36, '506359670', 'ADJUDICANTE');
INSERT INTO CONTRATO_ENTIDADE (ID_CONTRATO, NIF_ENTIDADE, TIPO) VALUES (37, '503148776', 'ADJUDICANTE');
INSERT INTO CONTRATO_ENTIDADE (ID_CONTRATO, NIF_ENTIDADE, TIPO) VALUES (38, '508481287', 'ADJUDICANTE');
INSERT INTO CONTRATO_ENTIDADE (ID_CONTRATO, NIF_ENTIDADE, TIPO) VALUES (39, '508142156', 'ADJUDICANTE');
INSERT INTO CONTRATO_ENTIDADE (ID_CONTRATO, NIF_ENTIDADE, TIPO) VALUES (40, '508142156', 'ADJUDICANTE');
INSERT INTO CONTRATO_ENTIDADE (ID_CONTRATO, NIF_ENTIDADE, TIPO) VALUES (41, '600021610', 'ADJUDICANTE');
INSERT INTO CONTRATO_ENTIDADE (ID_CONTRATO, NIF_ENTIDADE, TIPO) VALUES (42, '505181266', 'ADJUDICANTE');
INSERT INTO CONTRATO_ENTIDADE (ID_CONTRATO, NIF_ENTIDADE, TIPO) VALUES (42, '508142156', 'ADJUDICANTE');
INSERT INTO CONTRATO_ENTIDADE (ID_CONTRATO, NIF_ENTIDADE, TIPO) VALUES (43, '511228848', 'ADJUDICANTE');
INSERT INTO CONTRATO_ENTIDADE (ID_CONTRATO, NIF_ENTIDADE, TIPO) VALUES (44, '511228848', 'ADJUDICANTE');
INSERT INTO CONTRATO_ENTIDADE (ID_CONTRATO, NIF_ENTIDADE, TIPO) VALUES (45, '511228848', 'ADJUDICANTE');
INSERT INTO CONTRATO_ENTIDADE (ID_CONTRATO, NIF_ENTIDADE, TIPO) VALUES (46, '503148776', 'ADJUDICANTE');
INSERT INTO CONTRATO_ENTIDADE (ID_CONTRATO, NIF_ENTIDADE, TIPO) VALUES (47, '511228848', 'ADJUDICANTE');
INSERT INTO CONTRATO_ENTIDADE (ID_CONTRATO, NIF_ENTIDADE, TIPO) VALUES (48, '508481287', 'ADJUDICANTE');
INSERT INTO CONTRATO_ENTIDADE (ID_CONTRATO, NIF_ENTIDADE, TIPO) VALUES (49, '509821197', 'ADJUDICANTE');
INSERT INTO CONTRATO_ENTIDADE (ID_CONTRATO, NIF_ENTIDADE, TIPO) VALUES (50, '600006662', 'ADJUDICANTE');
INSERT INTO CONTRATO_ENTIDADE (ID_CONTRATO, NIF_ENTIDADE, TIPO) VALUES (51, '508481287', 'ADJUDICANTE');
INSERT INTO CONTRATO_ENTIDADE (ID_CONTRATO, NIF_ENTIDADE, TIPO) VALUES (52, '511228848', 'ADJUDICANTE');
INSERT INTO CONTRATO_ENTIDADE (ID_CONTRATO, NIF_ENTIDADE, TIPO) VALUES (53, '511228848', 'ADJUDICANTE');
INSERT INTO CONTRATO_ENTIDADE (ID_CONTRATO, NIF_ENTIDADE, TIPO) VALUES (54, '508481287', 'ADJUDICANTE');
INSERT INTO CONTRATO_ENTIDADE (ID_CONTRATO, NIF_ENTIDADE, TIPO) VALUES (55, '508481287', 'ADJUDICANTE');
INSERT INTO CONTRATO_ENTIDADE (ID_CONTRATO, NIF_ENTIDADE, TIPO) VALUES (56, '508481287', 'ADJUDICANTE');
INSERT INTO CONTRATO_ENTIDADE (ID_CONTRATO, NIF_ENTIDADE, TIPO) VALUES (57, '504152980', 'ADJUDICANTE');
INSERT INTO CONTRATO_ENTIDADE (ID_CONTRATO, NIF_ENTIDADE, TIPO) VALUES (58, '509822940', 'ADJUDICANTE');
INSERT INTO CONTRATO_ENTIDADE (ID_CONTRATO, NIF_ENTIDADE, TIPO) VALUES (59, '513606084', 'ADJUDICANTE');
INSERT INTO CONTRATO_ENTIDADE (ID_CONTRATO, NIF_ENTIDADE, TIPO) VALUES (60, '513606084', 'ADJUDICANTE');
INSERT INTO CONTRATO_ENTIDADE (ID_CONTRATO, NIF_ENTIDADE, TIPO) VALUES (61, '507011937', 'ADJUDICANTE');
INSERT INTO CONTRATO_ENTIDADE (ID_CONTRATO, NIF_ENTIDADE, TIPO) VALUES (62, '505187531', 'ADJUDICANTE');
INSERT INTO CONTRATO_ENTIDADE (ID_CONTRATO, NIF_ENTIDADE, TIPO) VALUES (63, '510345271', 'ADJUDICANTE');
INSERT INTO CONTRATO_ENTIDADE (ID_CONTRATO, NIF_ENTIDADE, TIPO) VALUES (64, '506788490', 'ADJUDICANTE');
INSERT INTO CONTRATO_ENTIDADE (ID_CONTRATO, NIF_ENTIDADE, TIPO) VALUES (65, '505187531', 'ADJUDICANTE');
INSERT INTO CONTRATO_ENTIDADE (ID_CONTRATO, NIF_ENTIDADE, TIPO) VALUES (66, '506829197', 'ADJUDICANTE');
INSERT INTO CONTRATO_ENTIDADE (ID_CONTRATO, NIF_ENTIDADE, TIPO) VALUES (67, '506791220', 'ADJUDICANTE');
INSERT INTO CONTRATO_ENTIDADE (ID_CONTRATO, NIF_ENTIDADE, TIPO) VALUES (68, '508481287', 'ADJUDICANTE');
INSERT INTO CONTRATO_ENTIDADE (ID_CONTRATO, NIF_ENTIDADE, TIPO) VALUES (69, '506609553', 'ADJUDICANTE');
INSERT INTO CONTRATO_ENTIDADE (ID_CONTRATO, NIF_ENTIDADE, TIPO) VALUES (70, '508481287', 'ADJUDICANTE');
INSERT INTO CONTRATO_ENTIDADE (ID_CONTRATO, NIF_ENTIDADE, TIPO) VALUES (71, '509822940', 'ADJUDICANTE');
INSERT INTO CONTRATO_ENTIDADE (ID_CONTRATO, NIF_ENTIDADE, TIPO) VALUES (72, '600012662', 'ADJUDICANTE');
INSERT INTO CONTRATO_ENTIDADE (ID_CONTRATO, NIF_ENTIDADE, TIPO) VALUES (73, '507618319', 'ADJUDICANTE');
INSERT INTO CONTRATO_ENTIDADE (ID_CONTRATO, NIF_ENTIDADE, TIPO) VALUES (74, '513606084', 'ADJUDICANTE');
INSERT INTO CONTRATO_ENTIDADE (ID_CONTRATO, NIF_ENTIDADE, TIPO) VALUES (75, '504152980', 'ADJUDICANTE');
INSERT INTO CONTRATO_ENTIDADE (ID_CONTRATO, NIF_ENTIDADE, TIPO) VALUES (76, '507618319', 'ADJUDICANTE');
INSERT INTO CONTRATO_ENTIDADE (ID_CONTRATO, NIF_ENTIDADE, TIPO) VALUES (77, '515486159', 'ADJUDICANTE');
INSERT INTO CONTRATO_ENTIDADE (ID_CONTRATO, NIF_ENTIDADE, TIPO) VALUES (78, '502177101', 'ADJUDICANTE');
INSERT INTO CONTRATO_ENTIDADE (ID_CONTRATO, NIF_ENTIDADE, TIPO) VALUES (79, '600019152', 'ADJUDICANTE');
INSERT INTO CONTRATO_ENTIDADE (ID_CONTRATO, NIF_ENTIDADE, TIPO) VALUES (80, '501102752', 'ADJUDICANTE');
INSERT INTO CONTRATO_ENTIDADE (ID_CONTRATO, NIF_ENTIDADE, TIPO) VALUES (81, '511228848', 'ADJUDICANTE');
INSERT INTO CONTRATO_ENTIDADE (ID_CONTRATO, NIF_ENTIDADE, TIPO) VALUES (82, '506808122', 'ADJUDICANTE');
INSERT INTO CONTRATO_ENTIDADE (ID_CONTRATO, NIF_ENTIDADE, TIPO) VALUES (83, '503279765', 'ADJUDICANTE');
INSERT INTO CONTRATO_ENTIDADE (ID_CONTRATO, NIF_ENTIDADE, TIPO) VALUES (84, '500051054', 'ADJUDICANTE');
INSERT INTO CONTRATO_ENTIDADE (ID_CONTRATO, NIF_ENTIDADE, TIPO) VALUES (85, '500745943', 'ADJUDICANTE');
INSERT INTO CONTRATO_ENTIDADE (ID_CONTRATO, NIF_ENTIDADE, TIPO) VALUES (86, '502661038', 'ADJUDICANTE');
INSERT INTO CONTRATO_ENTIDADE (ID_CONTRATO, NIF_ENTIDADE, TIPO) VALUES (87, '507040589', 'ADJUDICANTE');
INSERT INTO CONTRATO_ENTIDADE (ID_CONTRATO, NIF_ENTIDADE, TIPO) VALUES (88, '506334562', 'ADJUDICANTE');
INSERT INTO CONTRATO_ENTIDADE (ID_CONTRATO, NIF_ENTIDADE, TIPO) VALUES (89, '508481287', 'ADJUDICANTE');
INSERT INTO CONTRATO_ENTIDADE (ID_CONTRATO, NIF_ENTIDADE, TIPO) VALUES (90, '512017050', 'ADJUDICANTE');
INSERT INTO CONTRATO_ENTIDADE (ID_CONTRATO, NIF_ENTIDADE, TIPO) VALUES (91, '507618319', 'ADJUDICANTE');
INSERT INTO CONTRATO_ENTIDADE (ID_CONTRATO, NIF_ENTIDADE, TIPO) VALUES (92, '600012662', 'ADJUDICANTE');
INSERT INTO CONTRATO_ENTIDADE (ID_CONTRATO, NIF_ENTIDADE, TIPO) VALUES (93, '600012662', 'ADJUDICANTE');
INSERT INTO CONTRATO_ENTIDADE (ID_CONTRATO, NIF_ENTIDADE, TIPO) VALUES (94, '509822940', 'ADJUDICANTE');
INSERT INTO CONTRATO_ENTIDADE (ID_CONTRATO, NIF_ENTIDADE, TIPO) VALUES (95, '506901173', 'ADJUDICANTE');
INSERT INTO CONTRATO_ENTIDADE (ID_CONTRATO, NIF_ENTIDADE, TIPO) VALUES (96, '505456010', 'ADJUDICANTE');
INSERT INTO CONTRATO_ENTIDADE (ID_CONTRATO, NIF_ENTIDADE, TIPO) VALUES (97, '504547313', 'ADJUDICANTE');
INSERT INTO CONTRATO_ENTIDADE (ID_CONTRATO, NIF_ENTIDADE, TIPO) VALUES (98, '508481287', 'ADJUDICANTE');
INSERT INTO CONTRATO_ENTIDADE (ID_CONTRATO, NIF_ENTIDADE, TIPO) VALUES (99, '501306870', 'ADJUDICANTE');
INSERT INTO CONTRATO_ENTIDADE (ID_CONTRATO, NIF_ENTIDADE, TIPO) VALUES (100, '511228848', 'ADJUDICANTE');
INSERT INTO CONTRATO_ENTIDADE (ID_CONTRATO, NIF_ENTIDADE, TIPO) VALUES (101, '600012662', 'ADJUDICANTE');
INSERT INTO CONTRATO_ENTIDADE (ID_CONTRATO, NIF_ENTIDADE, TIPO) VALUES (102, '501460888', 'ADJUDICANTE');
INSERT INTO CONTRATO_ENTIDADE (ID_CONTRATO, NIF_ENTIDADE, TIPO) VALUES (103, '511228848', 'ADJUDICANTE');
INSERT INTO CONTRATO_ENTIDADE (ID_CONTRATO, NIF_ENTIDADE, TIPO) VALUES (104, '503966908', 'ADJUDICANTE');
INSERT INTO CONTRATO_ENTIDADE (ID_CONTRATO, NIF_ENTIDADE, TIPO) VALUES (105, '506321894', 'ADJUDICANTE');
INSERT INTO CONTRATO_ENTIDADE (ID_CONTRATO, NIF_ENTIDADE, TIPO) VALUES (106, '509821197', 'ADJUDICANTE');
INSERT INTO CONTRATO_ENTIDADE (ID_CONTRATO, NIF_ENTIDADE, TIPO) VALUES (107, '508894034', 'ADJUDICANTE');
INSERT INTO CONTRATO_ENTIDADE (ID_CONTRATO, NIF_ENTIDADE, TIPO) VALUES (108, '505586401', 'ADJUDICANTE');
INSERT INTO CONTRATO_ENTIDADE (ID_CONTRATO, NIF_ENTIDADE, TIPO) VALUES (109, '508481287', 'ADJUDICANTE');
INSERT INTO CONTRATO_ENTIDADE (ID_CONTRATO, NIF_ENTIDADE, TIPO) VALUES (110, '505586401', 'ADJUDICANTE');
INSERT INTO CONTRATO_ENTIDADE (ID_CONTRATO, NIF_ENTIDADE, TIPO) VALUES (111, '501122486', 'ADJUDICANTE');
INSERT INTO CONTRATO_ENTIDADE (ID_CONTRATO, NIF_ENTIDADE, TIPO) VALUES (112, '511228848', 'ADJUDICANTE');
INSERT INTO CONTRATO_ENTIDADE (ID_CONTRATO, NIF_ENTIDADE, TIPO) VALUES (113, '505948605', 'ADJUDICANTE');
INSERT INTO CONTRATO_ENTIDADE (ID_CONTRATO, NIF_ENTIDADE, TIPO) VALUES (114, '509822940', 'ADJUDICANTE');
INSERT INTO CONTRATO_ENTIDADE (ID_CONTRATO, NIF_ENTIDADE, TIPO) VALUES (115, '508142156', 'ADJUDICANTE');
INSERT INTO CONTRATO_ENTIDADE (ID_CONTRATO, NIF_ENTIDADE, TIPO) VALUES (116, '508142156', 'ADJUDICANTE');
INSERT INTO CONTRATO_ENTIDADE (ID_CONTRATO, NIF_ENTIDADE, TIPO) VALUES (117, '506415082', 'ADJUDICANTE');
INSERT INTO CONTRATO_ENTIDADE (ID_CONTRATO, NIF_ENTIDADE, TIPO) VALUES (118, '515194212', 'ADJUDICANTE');
INSERT INTO CONTRATO_ENTIDADE (ID_CONTRATO, NIF_ENTIDADE, TIPO) VALUES (119, '508481287', 'ADJUDICANTE');
INSERT INTO CONTRATO_ENTIDADE (ID_CONTRATO, NIF_ENTIDADE, TIPO) VALUES (120, '515194212', 'ADJUDICANTE');
INSERT INTO CONTRATO_ENTIDADE (ID_CONTRATO, NIF_ENTIDADE, TIPO) VALUES (121, '508481287', 'ADJUDICANTE');
INSERT INTO CONTRATO_ENTIDADE (ID_CONTRATO, NIF_ENTIDADE, TIPO) VALUES (1, '516148796', 'ADJUDICATARIA');
INSERT INTO CONTRATO_ENTIDADE (ID_CONTRATO, NIF_ENTIDADE, TIPO) VALUES (2, '510681999', 'ADJUDICATARIA');
INSERT INTO CONTRATO_ENTIDADE (ID_CONTRATO, NIF_ENTIDADE, TIPO) VALUES (3, '513848002', 'ADJUDICATARIA');
INSERT INTO CONTRATO_ENTIDADE (ID_CONTRATO, NIF_ENTIDADE, TIPO) VALUES (4, '516416561', 'ADJUDICATARIA');
INSERT INTO CONTRATO_ENTIDADE (ID_CONTRATO, NIF_ENTIDADE, TIPO) VALUES (5, '516416561', 'ADJUDICATARIA');
INSERT INTO CONTRATO_ENTIDADE (ID_CONTRATO, NIF_ENTIDADE, TIPO) VALUES (6, '503157694', 'ADJUDICATARIA');
INSERT INTO CONTRATO_ENTIDADE (ID_CONTRATO, NIF_ENTIDADE, TIPO) VALUES (7, '504615947', 'ADJUDICATARIA');
INSERT INTO CONTRATO_ENTIDADE (ID_CONTRATO, NIF_ENTIDADE, TIPO) VALUES (8, '502422351', 'ADJUDICATARIA');
INSERT INTO CONTRATO_ENTIDADE (ID_CONTRATO, NIF_ENTIDADE, TIPO) VALUES (9, '508830583', 'ADJUDICATARIA');
INSERT INTO CONTRATO_ENTIDADE (ID_CONTRATO, NIF_ENTIDADE, TIPO) VALUES (10, '501762370', 'ADJUDICATARIA');
INSERT INTO CONTRATO_ENTIDADE (ID_CONTRATO, NIF_ENTIDADE, TIPO) VALUES (11, '503506168', 'ADJUDICATARIA');
INSERT INTO CONTRATO_ENTIDADE (ID_CONTRATO, NIF_ENTIDADE, TIPO) VALUES (12, '502081619', 'ADJUDICATARIA');
INSERT INTO CONTRATO_ENTIDADE (ID_CONTRATO, NIF_ENTIDADE, TIPO) VALUES (13, '513735917', 'ADJUDICATARIA');
INSERT INTO CONTRATO_ENTIDADE (ID_CONTRATO, NIF_ENTIDADE, TIPO) VALUES (14, '502765372', 'ADJUDICATARIA');
INSERT INTO CONTRATO_ENTIDADE (ID_CONTRATO, NIF_ENTIDADE, TIPO) VALUES (15, '515339644', 'ADJUDICATARIA');
INSERT INTO CONTRATO_ENTIDADE (ID_CONTRATO, NIF_ENTIDADE, TIPO) VALUES (16, '505661349', 'ADJUDICATARIA');
INSERT INTO CONTRATO_ENTIDADE (ID_CONTRATO, NIF_ENTIDADE, TIPO) VALUES (17, '506950050', 'ADJUDICATARIA');
INSERT INTO CONTRATO_ENTIDADE (ID_CONTRATO, NIF_ENTIDADE, TIPO) VALUES (18, '506705307', 'ADJUDICATARIA');
INSERT INTO CONTRATO_ENTIDADE (ID_CONTRATO, NIF_ENTIDADE, TIPO) VALUES (19, '513950494', 'ADJUDICATARIA');
INSERT INTO CONTRATO_ENTIDADE (ID_CONTRATO, NIF_ENTIDADE, TIPO) VALUES (20, '505661349', 'ADJUDICATARIA');
INSERT INTO CONTRATO_ENTIDADE (ID_CONTRATO, NIF_ENTIDADE, TIPO) VALUES (21, '502808004', 'ADJUDICATARIA');
INSERT INTO CONTRATO_ENTIDADE (ID_CONTRATO, NIF_ENTIDADE, TIPO) VALUES (22, '516105183', 'ADJUDICATARIA');
INSERT INTO CONTRATO_ENTIDADE (ID_CONTRATO, NIF_ENTIDADE, TIPO) VALUES (23, '508537150', 'ADJUDICATARIA');
INSERT INTO CONTRATO_ENTIDADE (ID_CONTRATO, NIF_ENTIDADE, TIPO) VALUES (24, '500077622', 'ADJUDICATARIA');
INSERT INTO CONTRATO_ENTIDADE (ID_CONTRATO, NIF_ENTIDADE, TIPO) VALUES (25, '502928786', 'ADJUDICATARIA');
INSERT INTO CONTRATO_ENTIDADE (ID_CONTRATO, NIF_ENTIDADE, TIPO) VALUES (26, '505148676', 'ADJUDICATARIA');
INSERT INTO CONTRATO_ENTIDADE (ID_CONTRATO, NIF_ENTIDADE, TIPO) VALUES (27, '516591649', 'ADJUDICATARIA');
INSERT INTO CONTRATO_ENTIDADE (ID_CONTRATO, NIF_ENTIDADE, TIPO) VALUES (28, '501702709', 'ADJUDICATARIA');
INSERT INTO CONTRATO_ENTIDADE (ID_CONTRATO, NIF_ENTIDADE, TIPO) VALUES (29, '514914050', 'ADJUDICATARIA');
INSERT INTO CONTRATO_ENTIDADE (ID_CONTRATO, NIF_ENTIDADE, TIPO) VALUES (30, '502262184', 'ADJUDICATARIA');
INSERT INTO CONTRATO_ENTIDADE (ID_CONTRATO, NIF_ENTIDADE, TIPO) VALUES (30, '503439800', 'ADJUDICATARIA');
INSERT INTO CONTRATO_ENTIDADE (ID_CONTRATO, NIF_ENTIDADE, TIPO) VALUES (31, '517126150', 'ADJUDICATARIA');
INSERT INTO CONTRATO_ENTIDADE (ID_CONTRATO, NIF_ENTIDADE, TIPO) VALUES (32, '980379563', 'ADJUDICATARIA');
INSERT INTO CONTRATO_ENTIDADE (ID_CONTRATO, NIF_ENTIDADE, TIPO) VALUES (33, '980249783', 'ADJUDICATARIA');
INSERT INTO CONTRATO_ENTIDADE (ID_CONTRATO, NIF_ENTIDADE, TIPO) VALUES (34, '502629703', 'ADJUDICATARIA');
INSERT INTO CONTRATO_ENTIDADE (ID_CONTRATO, NIF_ENTIDADE, TIPO) VALUES (35, '514728922', 'ADJUDICATARIA');
INSERT INTO CONTRATO_ENTIDADE (ID_CONTRATO, NIF_ENTIDADE, TIPO) VALUES (36, '506989020', 'ADJUDICATARIA');
INSERT INTO CONTRATO_ENTIDADE (ID_CONTRATO, NIF_ENTIDADE, TIPO) VALUES (37, '503932680', 'ADJUDICATARIA');
INSERT INTO CONTRATO_ENTIDADE (ID_CONTRATO, NIF_ENTIDADE, TIPO) VALUES (38, '500239819', 'ADJUDICATARIA');
INSERT INTO CONTRATO_ENTIDADE (ID_CONTRATO, NIF_ENTIDADE, TIPO) VALUES (39, '500684324', 'ADJUDICATARIA');
INSERT INTO CONTRATO_ENTIDADE (ID_CONTRATO, NIF_ENTIDADE, TIPO) VALUES (40, '504447459', 'ADJUDICATARIA');
INSERT INTO CONTRATO_ENTIDADE (ID_CONTRATO, NIF_ENTIDADE, TIPO) VALUES (41, '508592909', 'ADJUDICATARIA');
INSERT INTO CONTRATO_ENTIDADE (ID_CONTRATO, NIF_ENTIDADE, TIPO) VALUES (42, '502262184', 'ADJUDICATARIA');
INSERT INTO CONTRATO_ENTIDADE (ID_CONTRATO, NIF_ENTIDADE, TIPO) VALUES (42, '503439800', 'ADJUDICATARIA');
INSERT INTO CONTRATO_ENTIDADE (ID_CONTRATO, NIF_ENTIDADE, TIPO) VALUES (43, '503439800', 'ADJUDICATARIA');
INSERT INTO CONTRATO_ENTIDADE (ID_CONTRATO, NIF_ENTIDADE, TIPO) VALUES (44, '501111190', 'ADJUDICATARIA');
INSERT INTO CONTRATO_ENTIDADE (ID_CONTRATO, NIF_ENTIDADE, TIPO) VALUES (45, '504551221', 'ADJUDICATARIA');
INSERT INTO CONTRATO_ENTIDADE (ID_CONTRATO, NIF_ENTIDADE, TIPO) VALUES (46, '502706775', 'ADJUDICATARIA');
INSERT INTO CONTRATO_ENTIDADE (ID_CONTRATO, NIF_ENTIDADE, TIPO) VALUES (47, '980079659', 'ADJUDICATARIA');
INSERT INTO CONTRATO_ENTIDADE (ID_CONTRATO, NIF_ENTIDADE, TIPO) VALUES (48, '501745068', 'ADJUDICATARIA');
INSERT INTO CONTRATO_ENTIDADE (ID_CONTRATO, NIF_ENTIDADE, TIPO) VALUES (49, '510730507', 'ADJUDICATARIA');
INSERT INTO CONTRATO_ENTIDADE (ID_CONTRATO, NIF_ENTIDADE, TIPO) VALUES (50, '511101066', 'ADJUDICATARIA');
INSERT INTO CONTRATO_ENTIDADE (ID_CONTRATO, NIF_ENTIDADE, TIPO) VALUES (51, '501591842', 'ADJUDICATARIA');
INSERT INTO CONTRATO_ENTIDADE (ID_CONTRATO, NIF_ENTIDADE, TIPO) VALUES (52, '505569400', 'ADJUDICATARIA');
INSERT INTO CONTRATO_ENTIDADE (ID_CONTRATO, NIF_ENTIDADE, TIPO) VALUES (53, '503281115', 'ADJUDICATARIA');
INSERT INTO CONTRATO_ENTIDADE (ID_CONTRATO, NIF_ENTIDADE, TIPO) VALUES (54, '509076718', 'ADJUDICATARIA');
INSERT INTO CONTRATO_ENTIDADE (ID_CONTRATO, NIF_ENTIDADE, TIPO) VALUES (55, '503197149', 'ADJUDICATARIA');
INSERT INTO CONTRATO_ENTIDADE (ID_CONTRATO, NIF_ENTIDADE, TIPO) VALUES (56, '506958680', 'ADJUDICATARIA');
INSERT INTO CONTRATO_ENTIDADE (ID_CONTRATO, NIF_ENTIDADE, TIPO) VALUES (57, '509472052', 'ADJUDICATARIA');
INSERT INTO CONTRATO_ENTIDADE (ID_CONTRATO, NIF_ENTIDADE, TIPO) VALUES (58, '980474710', 'ADJUDICATARIA');
INSERT INTO CONTRATO_ENTIDADE (ID_CONTRATO, NIF_ENTIDADE, TIPO) VALUES (59, '514218800', 'ADJUDICATARIA');
INSERT INTO CONTRATO_ENTIDADE (ID_CONTRATO, NIF_ENTIDADE, TIPO) VALUES (60, '501142290', 'ADJUDICATARIA');
INSERT INTO CONTRATO_ENTIDADE (ID_CONTRATO, NIF_ENTIDADE, TIPO) VALUES (61, '507406931', 'ADJUDICATARIA');
INSERT INTO CONTRATO_ENTIDADE (ID_CONTRATO, NIF_ENTIDADE, TIPO) VALUES (62, '513020209', 'ADJUDICATARIA');
INSERT INTO CONTRATO_ENTIDADE (ID_CONTRATO, NIF_ENTIDADE, TIPO) VALUES (63, '510179851', 'ADJUDICATARIA');
INSERT INTO CONTRATO_ENTIDADE (ID_CONTRATO, NIF_ENTIDADE, TIPO) VALUES (64, '503818348', 'ADJUDICATARIA');
INSERT INTO CONTRATO_ENTIDADE (ID_CONTRATO, NIF_ENTIDADE, TIPO) VALUES (65, '507364481', 'ADJUDICATARIA');
INSERT INTO CONTRATO_ENTIDADE (ID_CONTRATO, NIF_ENTIDADE, TIPO) VALUES (66, '515040045', 'ADJUDICATARIA');
INSERT INTO CONTRATO_ENTIDADE (ID_CONTRATO, NIF_ENTIDADE, TIPO) VALUES (67, '507927915', 'ADJUDICATARIA');
INSERT INTO CONTRATO_ENTIDADE (ID_CONTRATO, NIF_ENTIDADE, TIPO) VALUES (68, '504207350', 'ADJUDICATARIA');
INSERT INTO CONTRATO_ENTIDADE (ID_CONTRATO, NIF_ENTIDADE, TIPO) VALUES (69, '510782582', 'ADJUDICATARIA');
INSERT INTO CONTRATO_ENTIDADE (ID_CONTRATO, NIF_ENTIDADE, TIPO) VALUES (70, '503747971', 'ADJUDICATARIA');
INSERT INTO CONTRATO_ENTIDADE (ID_CONTRATO, NIF_ENTIDADE, TIPO) VALUES (71, '506734579', 'ADJUDICATARIA');
INSERT INTO CONTRATO_ENTIDADE (ID_CONTRATO, NIF_ENTIDADE, TIPO) VALUES (72, '501523375', 'ADJUDICATARIA');
INSERT INTO CONTRATO_ENTIDADE (ID_CONTRATO, NIF_ENTIDADE, TIPO) VALUES (73, '508622263', 'ADJUDICATARIA');
INSERT INTO CONTRATO_ENTIDADE (ID_CONTRATO, NIF_ENTIDADE, TIPO) VALUES (74, '514657375', 'ADJUDICATARIA');
INSERT INTO CONTRATO_ENTIDADE (ID_CONTRATO, NIF_ENTIDADE, TIPO) VALUES (75, '509282547', 'ADJUDICATARIA');
INSERT INTO CONTRATO_ENTIDADE (ID_CONTRATO, NIF_ENTIDADE, TIPO) VALUES (76, '502926287', 'ADJUDICATARIA');
INSERT INTO CONTRATO_ENTIDADE (ID_CONTRATO, NIF_ENTIDADE, TIPO) VALUES (77, '503037753', 'ADJUDICATARIA');
INSERT INTO CONTRATO_ENTIDADE (ID_CONTRATO, NIF_ENTIDADE, TIPO) VALUES (78, '514676493', 'ADJUDICATARIA');
INSERT INTO CONTRATO_ENTIDADE (ID_CONTRATO, NIF_ENTIDADE, TIPO) VALUES (79, '515985961', 'ADJUDICATARIA');
INSERT INTO CONTRATO_ENTIDADE (ID_CONTRATO, NIF_ENTIDADE, TIPO) VALUES (80, '503347345', 'ADJUDICATARIA');
INSERT INTO CONTRATO_ENTIDADE (ID_CONTRATO, NIF_ENTIDADE, TIPO) VALUES (81, '509729851', 'ADJUDICATARIA');
INSERT INTO CONTRATO_ENTIDADE (ID_CONTRATO, NIF_ENTIDADE, TIPO) VALUES (82, '510533515', 'ADJUDICATARIA');
INSERT INTO CONTRATO_ENTIDADE (ID_CONTRATO, NIF_ENTIDADE, TIPO) VALUES (83, '508653746', 'ADJUDICATARIA');
INSERT INTO CONTRATO_ENTIDADE (ID_CONTRATO, NIF_ENTIDADE, TIPO) VALUES (84, '501333401', 'ADJUDICATARIA');
INSERT INTO CONTRATO_ENTIDADE (ID_CONTRATO, NIF_ENTIDADE, TIPO) VALUES (85, '500650870', 'ADJUDICATARIA');
INSERT INTO CONTRATO_ENTIDADE (ID_CONTRATO, NIF_ENTIDADE, TIPO) VALUES (86, '501222189', 'ADJUDICATARIA');
INSERT INTO CONTRATO_ENTIDADE (ID_CONTRATO, NIF_ENTIDADE, TIPO) VALUES (87, '501142290', 'ADJUDICATARIA');
INSERT INTO CONTRATO_ENTIDADE (ID_CONTRATO, NIF_ENTIDADE, TIPO) VALUES (88, '503531588', 'ADJUDICATARIA');
INSERT INTO CONTRATO_ENTIDADE (ID_CONTRATO, NIF_ENTIDADE, TIPO) VALUES (89, '504453939', 'ADJUDICATARIA');
INSERT INTO CONTRATO_ENTIDADE (ID_CONTRATO, NIF_ENTIDADE, TIPO) VALUES (90, '513487123', 'ADJUDICATARIA');
INSERT INTO CONTRATO_ENTIDADE (ID_CONTRATO, NIF_ENTIDADE, TIPO) VALUES (91, '502495111', 'ADJUDICATARIA');
INSERT INTO CONTRATO_ENTIDADE (ID_CONTRATO, NIF_ENTIDADE, TIPO) VALUES (92, '502942959', 'ADJUDICATARIA');
INSERT INTO CONTRATO_ENTIDADE (ID_CONTRATO, NIF_ENTIDADE, TIPO) VALUES (93, '508245567', 'ADJUDICATARIA');
INSERT INTO CONTRATO_ENTIDADE (ID_CONTRATO, NIF_ENTIDADE, TIPO) VALUES (94, '510255086', 'ADJUDICATARIA');
INSERT INTO CONTRATO_ENTIDADE (ID_CONTRATO, NIF_ENTIDADE, TIPO) VALUES (95, '500900469', 'ADJUDICATARIA');
INSERT INTO CONTRATO_ENTIDADE (ID_CONTRATO, NIF_ENTIDADE, TIPO) VALUES (96, '500039720', 'ADJUDICATARIA');
INSERT INTO CONTRATO_ENTIDADE (ID_CONTRATO, NIF_ENTIDADE, TIPO) VALUES (97, '514739770', 'ADJUDICATARIA');
INSERT INTO CONTRATO_ENTIDADE (ID_CONTRATO, NIF_ENTIDADE, TIPO) VALUES (98, '502130326', 'ADJUDICATARIA');
INSERT INTO CONTRATO_ENTIDADE (ID_CONTRATO, NIF_ENTIDADE, TIPO) VALUES (99, '503070220', 'ADJUDICATARIA');
INSERT INTO CONTRATO_ENTIDADE (ID_CONTRATO, NIF_ENTIDADE, TIPO) VALUES (100, '514657375', 'ADJUDICATARIA');
INSERT INTO CONTRATO_ENTIDADE (ID_CONTRATO, NIF_ENTIDADE, TIPO) VALUES (101, '509282547', 'ADJUDICATARIA');
INSERT INTO CONTRATO_ENTIDADE (ID_CONTRATO, NIF_ENTIDADE, TIPO) VALUES (102, '502926287', 'ADJUDICATARIA');
INSERT INTO CONTRATO_ENTIDADE (ID_CONTRATO, NIF_ENTIDADE, TIPO) VALUES (103, '503037753', 'ADJUDICATARIA');
INSERT INTO CONTRATO_ENTIDADE (ID_CONTRATO, NIF_ENTIDADE, TIPO) VALUES (104, '514676493', 'ADJUDICATARIA');
INSERT INTO CONTRATO_ENTIDADE (ID_CONTRATO, NIF_ENTIDADE, TIPO) VALUES (105, '515985961', 'ADJUDICATARIA');
INSERT INTO CONTRATO_ENTIDADE (ID_CONTRATO, NIF_ENTIDADE, TIPO) VALUES (106, '502765372', 'ADJUDICATARIA');
INSERT INTO CONTRATO_ENTIDADE (ID_CONTRATO, NIF_ENTIDADE, TIPO) VALUES (107, '515339644', 'ADJUDICATARIA');
INSERT INTO CONTRATO_ENTIDADE (ID_CONTRATO, NIF_ENTIDADE, TIPO) VALUES (108, '505661349', 'ADJUDICATARIA');
INSERT INTO CONTRATO_ENTIDADE (ID_CONTRATO, NIF_ENTIDADE, TIPO) VALUES (109, '506950050', 'ADJUDICATARIA');
INSERT INTO CONTRATO_ENTIDADE (ID_CONTRATO, NIF_ENTIDADE, TIPO) VALUES (110, '506705307', 'ADJUDICATARIA');
INSERT INTO CONTRATO_ENTIDADE (ID_CONTRATO, NIF_ENTIDADE, TIPO) VALUES (111, '513950494', 'ADJUDICATARIA');
INSERT INTO CONTRATO_ENTIDADE (ID_CONTRATO, NIF_ENTIDADE, TIPO) VALUES (112, '505661349', 'ADJUDICATARIA');
INSERT INTO CONTRATO_ENTIDADE (ID_CONTRATO, NIF_ENTIDADE, TIPO) VALUES (113, '502808004', 'ADJUDICATARIA');
INSERT INTO CONTRATO_ENTIDADE (ID_CONTRATO, NIF_ENTIDADE, TIPO) VALUES (114, '516105183', 'ADJUDICATARIA');
INSERT INTO CONTRATO_ENTIDADE (ID_CONTRATO, NIF_ENTIDADE, TIPO) VALUES (115, '508537150', 'ADJUDICATARIA');
INSERT INTO CONTRATO_ENTIDADE (ID_CONTRATO, NIF_ENTIDADE, TIPO) VALUES (116, '509729851', 'ADJUDICATARIA');
INSERT INTO CONTRATO_ENTIDADE (ID_CONTRATO, NIF_ENTIDADE, TIPO) VALUES (117, '510533515', 'ADJUDICATARIA');
INSERT INTO CONTRATO_ENTIDADE (ID_CONTRATO, NIF_ENTIDADE, TIPO) VALUES (118, '514657375', 'ADJUDICATARIA');
INSERT INTO CONTRATO_ENTIDADE (ID_CONTRATO, NIF_ENTIDADE, TIPO) VALUES (119, '509282547', 'ADJUDICATARIA');
INSERT INTO CONTRATO_ENTIDADE (ID_CONTRATO, NIF_ENTIDADE, TIPO) VALUES (120, '502926287', 'ADJUDICATARIA');
INSERT INTO CONTRATO_ENTIDADE (ID_CONTRATO, NIF_ENTIDADE, TIPO) VALUES (121, '503037753', 'ADJUDICATARIA');